,house_name,total_price,unit_price,unit_price_desc,type,location1,area,total_price_min,total_price_max,area_min,area_max
0,赞成星谷,总价100-188(万/套),25000.0, 元/㎡(均价),商业类,拱墅,建面 42-64㎡,100.0,188.0,42.0,64.0
1,同协金座,总价157-210(万/套),33000.0, 元/㎡(均价),商业类,上城,建面 45-73㎡,157.0,210.0,45.0,73.0
2,蓝城久宸里,总价1850-3600(万/套),80000.0, 元/㎡(均价),商业类,上城,建面 255-515㎡,1850.0,3600.0,255.0,515.0
3,云悦湾,总价170-243(万/套),40000.0, 元/㎡(均价),商业类,上城,建面 41-58㎡,170.0,243.0,41.0,58.0
4,世茂西溪宸悦,总价152-588(万/套),42000.0, 元/㎡(均价),商业类,西湖,建面 38-168㎡,152.0,588.0,38.0,168.0
5,天目观山月,总价63-90(万/套),12800.0, 元/㎡(均价),住宅,临安,建面 44-76㎡,63.0,90.0,44.0,76.0
6,大华春山明月,总价766-1020(万/套),43000.0, 元/㎡(均价),别墅,临安,建面 139-218㎡,766.0,1020.0,139.0,218.0
7,万科玖望,总价194(万/套),20600.0, 元/㎡(均价),住宅,富阳,建面 98㎡,194.0,194.0,98.0,98.0
8,凤起潮鸣,,,,别墅,拱墅,,,,,
9,开元名城,总价126-223(万/套),23000.0, 元/㎡(均价),商业类,萧山,建面 55-97㎡,126.0,223.0,55.0,97.0
10,世茂智慧之门,,27000.0, 元/㎡(均价),写字楼,滨江,,,,,
11,中铁建国际公馆,总价140-180(万/套),37000.0, 元/㎡(均价),商业类,拱墅,建面 37-49㎡,140.0,180.0,37.0,49.0
12,复地壹中心,总价150-270(万/套),25000.0, 元/㎡(均价),商业类,拱墅,建面 62-110㎡,150.0,270.0,62.0,110.0
13,宋都阳光国际,总价1108-1800(万/套),48000.0, 元/㎡(均价),住宅,上城,建面 272-452㎡,1108.0,1800.0,272.0,452.0
14,中港西湖院子,880-1300,, (万/套)(总价),别墅,余杭,建面 150-180㎡,880.0,1300.0,150.0,180.0
15,新湖香格里拉,总价2368(万/套),75000.0, 元/㎡(均价),别墅,余杭,建面 160-268㎡,2368.0,2368.0,160.0,268.0
16,杭州大悦城,总价319(万/套),40000.0, 元/㎡(均价),商业,拱墅,,319.0,319.0,,
17,金骏大厦,总价100(万/套),26000.0, 元/㎡(均价),写字楼,上城,,100.0,100.0,,
18,九龙仓雍景山,总价267-420(万/套),24600.0, 元/㎡(均价),别墅,富阳,建面 116-181㎡,267.0,420.0,116.0,181.0
19,浅山,总价98-193(万/套),14500.0, 元/㎡(均价),住宅,淳安,建面 70-138㎡,98.0,193.0,70.0,138.0
20,滨湖天地,总价238-557(万/套),22000.0, 元/㎡(均价),住宅,临安,建面 89-253㎡,238.0,557.0,89.0,253.0
21,万通中心,总价497(万/套),23000.0, 元/㎡(均价),写字楼,拱墅,,497.0,497.0,,
22,诺德财富中心,总价1198(万/套),27000.0, 元/㎡(均价),写字楼,萧山,,1198.0,1198.0,,
23,钱江浙商创投中心,总价320(万/套),30000.0, 元/㎡(均价),写字楼,西湖,,320.0,320.0,,
24,佳源未来府,总价600(万/套),30000.0, 元/㎡(均价),商业,余杭,,600.0,600.0,,
25,钱塘ONE,总价110-520(万/套),40000.0, 元/㎡(均价),商业类,西湖,建面 28-128㎡,110.0,520.0,28.0,128.0
26,众安恒隆广场,总价228(万/套),19000.0, 元/㎡(均价),写字楼,萧山,,228.0,228.0,,
27,宋都时间名座,总价80-120(万/套),20000.0, 元/㎡(均价),商业类,临平区,建面 39-61㎡,80.0,120.0,39.0,61.0
28,鼎和金座,总价90-100(万/套),21000.0, 元/㎡(均价),商业类,临平区,建面 45㎡,90.0,100.0,45.0,45.0
29,悦青蓝,200-270,, (万/套)(总价),住宅,余杭,建面 87-135㎡,200.0,270.0,87.0,135.0
30,公元帝景,总价513-966(万/套),25000.0, 元/㎡(均价),别墅,萧山,建面 285-483㎡,513.0,966.0,285.0,483.0
31,东海闲湖城,总价700(万/套),30000.0, 元/㎡(均价),别墅,余杭,建面 200-247㎡,700.0,700.0,200.0,247.0
32,文渊狮城,总价503-650(万/套),22000.0, 元/㎡(均价),别墅,淳安,建面 229-247㎡,503.0,650.0,229.0,247.0
33,泰禾野风大城小院,总价850(万/套),22000.0, 元/㎡(均价),别墅,富阳,建面 130-195㎡,850.0,850.0,130.0,195.0
34,星云,总价95-135(万/套),28000.0, 元/㎡(均价),商业类,西湖,建面 35-50㎡,95.0,135.0,35.0,50.0
35,永和之星,总价72-126(万/套),22000.0, 元/㎡(均价),商业类,萧山,建面 38-45㎡,72.0,126.0,38.0,45.0
36,运河印,总价132.826-288.68(万/套),24000.0, 元/㎡(均价),商业类,拱墅,建面 44-114㎡,132.0,132.0,44.0,114.0
37,绿地商业中心,总价160-420(万/套),38000.0, 元/㎡(均价),商业类,上城,建面 46-110㎡,160.0,420.0,46.0,110.0
38,招商越秀公园1872,总价200(万/套),46000.0, 元/㎡(均价),商业,上城,,200.0,200.0,,
39,东方世贸城,总价89(万/套),17000.0, 元/㎡(均价),商业,萧山,,89.0,89.0,,
40,宋都时间名座,总价2800(万/套),21000.0, 元/㎡(均价),商业,临平区,,2800.0,2800.0,,
41,郡西云台,总价2580(万/套),56000.0, 元/㎡(均价),别墅,余杭,建面 200-337㎡,2580.0,2580.0,200.0,337.0
42,杭州大悦城,总价350(万/套),30000.0, 元/㎡(均价),商业类,拱墅,建面 57-108㎡,350.0,350.0,57.0,108.0
43,和家园臻园,总价640(万/套),50000.0, 元/㎡(均价),住宅,西湖,建面 165㎡,640.0,640.0,165.0,165.0
44,万通中心,总价350(万/套),50000.0, 元/㎡(均价),商业,拱墅,,350.0,350.0,,
45,盈都五角广场,总价93-130(万/套),25500.0, 元/㎡(均价),商业类,钱塘区,建面 38-52㎡,93.0,130.0,38.0,52.0
46,汉港武林汇,总价140(万/套),27000.0, 元/㎡(均价),商业类,拱墅,建面 45-75㎡,140.0,140.0,45.0,75.0
47,世包国际中心,总价1161(万/套),43000.0, 元/㎡(均价),写字楼,上城,,1161.0,1161.0,,
48,天骄香槟郡,总价86-113(万/套),9000.0, 元/㎡(均价),住宅,建德,建面 96-126㎡,86.0,113.0,96.0,126.0
49,飘鹰富春江花苑,总价132-187(万/套),17000.0, 元/㎡(均价),住宅,桐庐,建面 55-125㎡,132.0,187.0,55.0,125.0
50,云水山居,总价530-700(万/套),24500.0, 元/㎡(均价),别墅,富阳,建面 220-280㎡,530.0,700.0,220.0,280.0
51,山南印,总价1026(万/套),36000.0, 元/㎡(均价),写字楼,上城,,1026.0,1026.0,,
52,奥体万科中心,总价1200(万/套),30000.0, 元/㎡(均价),写字楼,萧山,,1200.0,1200.0,,
53,璞玉公馆,总价330(万/套),55000.0, 元/㎡(均价),底商,上城,,330.0,330.0,,
54,富力湖滨悦居,总价87(万/套),14000.0, 元/㎡(均价),住宅,淳安,建面 60-138㎡,87.0,87.0,60.0,138.0
55,招商I-Park,总价198(万/套),55000.0, 元/㎡(均价),底商,上城,,198.0,198.0,,
56,越秀星悦城,总价210-280(万/套),21600.0, 元/㎡(均价),住宅,临安,建面 93-125㎡,210.0,280.0,93.0,125.0
57,融创金成璞樾大观,总价233-251(万/套),19700.0, 元/㎡(均价),住宅,临安,建面 95-128㎡,233.0,251.0,95.0,128.0
58,佳源优樾,总价229-244(万/套),18500.0, 元/㎡(均价),住宅,临安,建面 89-132㎡,229.0,244.0,89.0,132.0
59,中交财富中心,总价485(万/套),23000.0, 元/㎡(均价),写字楼,拱墅,,485.0,485.0,,
60,东部之星,总价107(万/套),18000.0, 元/㎡(均价),商业类,钱塘区,建面 58㎡,107.0,107.0,58.0,58.0
61,万融城,总价156(万/套),24000.0, 元/㎡(均价),写字楼,拱墅,,156.0,156.0,,
62,天骄香槟郡,总价336-480(万/套),18000.0, 元/㎡(均价),别墅,建德,建面 168-240㎡,336.0,480.0,168.0,240.0
63,绿城云栖桃花源,总价843-1500(万/套),39800.0, 元/㎡(均价),别墅,富阳,建面 185-300㎡,843.0,1500.0,185.0,300.0
64,华夏之心,总价146-182(万/套),26000.0, 元/㎡(均价),商业类,余杭,建面 48-72㎡,146.0,182.0,48.0,72.0
65,万科公望,总价1400(万/套),50200.0, 元/㎡(均价),别墅,富阳,建面 231-244㎡,1400.0,1400.0,231.0,244.0
66,奥克斯时代未来之城,总价575(万/套),27000.0, 元/㎡(均价),写字楼,余杭,,575.0,575.0,,
67,祥生云湖城,总价290(万/套),20500.0, 元/㎡(均价),住宅,富阳,建面 93-143㎡,290.0,290.0,93.0,143.0
68,山水时代,总价280-380(万/套),47000.0, 元/㎡(均价),商业类,萧山,建面 58-218㎡,280.0,380.0,58.0,218.0
69,中豪湘和国际,总价111-265(万/套),31000.0, 元/㎡(均价),商业类,上城,建面 36-98㎡,111.0,265.0,36.0,98.0
70,励骏花园,总价399(万/套),19000.0, 元/㎡(均价),住宅,桐庐,建面 210㎡,399.0,399.0,210.0,210.0
71,春江山居,总价72-119(万/套),12000.0, 元/㎡(均价),住宅,桐庐,建面 49-89㎡,72.0,119.0,49.0,89.0
72,禹洲滨澜铭座,总价98-162(万/套),24000.0, 元/㎡(均价),商业类,西湖,建面 40-74㎡,98.0,162.0,40.0,74.0
73,金马高悦府,总价175(万/套),19000.0, 元/㎡(均价),住宅,桐庐,建面 85-112㎡,175.0,175.0,85.0,112.0
74,富力御江山小区,总价108(万/套),8000.0, 元/㎡(均价),住宅,建德,建面 77-127㎡,108.0,108.0,77.0,127.0
75,汇高栢悦中心,总价193(万/套),16000.0, 元/㎡(均价),写字楼,临平区,,193.0,193.0,,
76,广宇东港空间,总价282-339(万/套),32000.0, 元/㎡(均价),商业类,上城,建面 48-113㎡,282.0,339.0,48.0,113.0
77,华策中心,总价402(万/套),25000.0, 元/㎡(均价),写字楼,西湖,,402.0,402.0,,
78,柳溪湾,总价40-118(万/套),10700.0, 元/㎡(均价),住宅,临安,建面 38-120㎡,40.0,118.0,38.0,120.0
79,朗诗溪涧雅庐,,,,住宅,临安,,,,,
80,融创金成璞樾大观,总价300-350(万/套),22000.0, 元/㎡(均价),别墅,临安,建面 140-388㎡,300.0,350.0,140.0,388.0
81,运河万科中心,总价140(万/套),23000.0, 元/㎡(均价),写字楼,拱墅,,140.0,140.0,,
82,中城汇MIDTOWN,总价122-140(万/套),35000.0, 元/㎡(均价),商业类,拱墅,建面 36-42㎡,122.0,140.0,36.0,42.0
83,紫荆辰光,总价187-220(万/套),48000.0, 元/㎡(均价),商业类,西湖,建面 39-57㎡,187.0,220.0,39.0,57.0
84,雅颂市心府,总价126(万/套),27000.0, 元/㎡(均价),商业类,萧山,建面 42㎡,126.0,126.0,42.0,42.0
85,绿地亚洲公园,总价270-426(万/套),21000.0, 元/㎡(均价),别墅,临安,建面 116-202㎡,270.0,426.0,116.0,202.0
86,九天泽一国际,总价100-120(万/套),29000.0, 元/㎡(均价),商业类,上城,建面 32-44㎡,100.0,120.0,32.0,44.0
87,融创港印中心,总价83(万/套),20000.0, 元/㎡(均价),商业类,萧山,建面 40㎡,83.0,83.0,40.0,40.0
88,融创港印中心,总价150(万/套),35000.0, 元/㎡(均价),底商,萧山,,150.0,150.0,,
89,绿城青亭,总价130-140(万/套),28000.0, 元/㎡(均价),商业类,拱墅,建面 48-53㎡,130.0,140.0,48.0,53.0
90,杭州富力中心,总价291(万/套),33000.0, 元/㎡(均价),商业类,余杭,建面 41-88㎡,291.0,291.0,41.0,88.0
91,杭州富力中心,总价518(万/套),36300.0, 元/㎡(均价),住宅,余杭,建面 115-160㎡,518.0,518.0,115.0,160.0
92,星光荟,总价140(万/套),25000.0, 元/㎡(均价),商业,西湖,,140.0,140.0,,
93,中冶锦绣公馆,,,,住宅,西湖,,,,,
94,中冶锦绣公馆,总价650-1700(万/套),65000.0, 元/㎡(均价),商业类,西湖,建面 118-273㎡,650.0,1700.0,118.0,273.0
95,恒大御泉四季,总价40-88(万/套),8600.0, 元/㎡(均价),住宅,建德,建面 50-136㎡,40.0,88.0,50.0,136.0
96,紫荆辰光,总价181(万/套),79000.0, 元/㎡(均价),商业,西湖,,181.0,181.0,,
97,悦湖湾花园,总价180(万/套),13000.0, 元/㎡(均价),住宅,淳安,建面 117-135㎡,180.0,180.0,117.0,135.0
98,北辰奥园,总价240(万/套),27000.0, 元/㎡(均价),底商,萧山,,240.0,240.0,,
99,竹悦山水轩,总价70-106(万/套),12000.0, 元/㎡(均价),住宅,临安,建面 59-89㎡,70.0,106.0,59.0,89.0
100,钱塘ONE,总价140(万/套),43750.0, 元/㎡(均价),底商,西湖,,140.0,140.0,,
101,云安小镇,总价87-320(万/套),16500.0, 元/㎡(均价),商业类,临安,建面 52-127㎡,87.0,320.0,52.0,127.0
102,理想银泰城,总价420(万/套),21000.0, 元/㎡(均价),写字楼,临平区,,420.0,420.0,,
103,嘉裕天城,总价173-270(万/套),19500.0, 元/㎡(均价),住宅,萧山,建面 89-138㎡,173.0,270.0,89.0,138.0
104,地铁万科杭行道,总价100(万/套),35000.0, 元/㎡(均价),商业类,余杭,建面 38-45㎡,100.0,100.0,38.0,45.0
105,世茂西溪宸悦,总价300(万/套),90000.0, 元/㎡(均价),商业,西湖,,300.0,300.0,,
106,云都汇中心,总价98-120(万/套),29000.0, 元/㎡(均价),商业类,西湖,建面 34-43㎡,98.0,120.0,34.0,43.0
107,铂瑞悦府,总价128-200(万/套),38000.0, 元/㎡(均价),商业类,上城,建面 40-55㎡,128.0,200.0,40.0,55.0
108,傲旋城,总价398-400(万/套),45000.0, 元/㎡(均价),住宅,滨江,建面 88-428㎡,398.0,400.0,88.0,428.0
109,云集金座,总价57-65(万/套),12000.0, 元/㎡(均价),商业类,临安,建面 34-43㎡,57.0,65.0,34.0,43.0
110,融创森与海之城,总价135-169(万/套),14000.0, 元/㎡(均价),住宅,萧山,建面 88-139㎡,135.0,169.0,88.0,139.0
111,杭州春树云筑,总价115-175(万/套),35000.0, 元/㎡(均价),商业类,西湖,建面 33-48㎡,115.0,175.0,33.0,48.0
112,海威天地,总价230(万/套),48000.0, 元/㎡(均价),商业类,滨江,建面 45-260㎡,230.0,230.0,45.0,260.0
113,云上金铭府,总价195-275(万/套),22000.0, 元/㎡(均价),住宅,富阳,建面 89-125㎡,195.0,275.0,89.0,125.0
114,奥体朝龙汇,总价1500(万/套),31000.0, 元/㎡(均价),写字楼,萧山,,1500.0,1500.0,,
115,华夏之心,总价300(万/套),27000.0, 元/㎡(均价),写字楼,余杭,,300.0,300.0,,
116,碧桂园铂玺湾,总价195-261(万/套),22000.0, 元/㎡(均价),住宅,富阳,建面 89-119㎡,195.0,261.0,89.0,119.0
117,未来之芯,总价104(万/套),12000.0, 元/㎡(均价),商业类,临安,建面 60-90㎡,104.0,104.0,60.0,90.0
118,美的西径晓风,总价171-225(万/套),20000.0, 元/㎡(均价),住宅,临安,建面 89-109㎡,171.0,225.0,89.0,109.0
119,美的西径晓风,总价310-550(万/套),24701.0, 元/㎡(均价),别墅,临安,建面 135-163㎡,310.0,550.0,135.0,163.0
120,银城青山湖畔,总价396-462(万/套),33000.0, 元/㎡(均价),别墅,临安,建面 120-140㎡,396.0,462.0,120.0,140.0
121,之江潮,总价158-331(万/套),31000.0, 元/㎡(均价),商业类,西湖,建面 51-107㎡,158.0,331.0,51.0,107.0
122,中骏临栖云府,总价190-220(万/套),18600.0, 元/㎡(均价),住宅,临安,建面 95-118㎡,190.0,220.0,95.0,118.0
123,新湖金色池塘,总价194(万/套),15200.0, 元/㎡(均价),住宅,余杭,建面 85-138㎡,194.0,194.0,85.0,138.0
124,新湖金色池塘,总价260(万/套),20000.0, 元/㎡(均价),别墅,余杭,建面 145㎡,260.0,260.0,145.0,145.0
125,国开东方锦城学府,总价182-263(万/套),20500.0, 元/㎡(均价),住宅,临安,建面 78-128㎡,182.0,263.0,78.0,128.0
126,融创森与海之城,总价600(万/套),24000.0, 元/㎡(均价),别墅,萧山,建面 152-179㎡,600.0,600.0,152.0,179.0
127,绿都鉴未来,总价250(万/套),40000.0, 元/㎡(均价),底商,余杭,,250.0,250.0,,
128,水岸华府,总价129-151(万/套),11000.0, 元/㎡(均价),住宅,临安,建面 89-140㎡,129.0,151.0,89.0,140.0
129,富阳宸光悦,总价206-250(万/套),22000.0, 元/㎡(均价),住宅,富阳,建面 98-118㎡,206.0,250.0,98.0,118.0
130,景顺铂悦城,总价130-171(万/套),35000.0, 元/㎡(均价),商业类,西湖,建面 33-49㎡,130.0,171.0,33.0,49.0
131,锦和云水江南,总价280-380(万/套),38000.0, 元/㎡(均价),别墅,淳安,建面 77-105㎡,280.0,380.0,77.0,105.0
132,保利欣品华庭,总价410-570(万/套),32000.0, 元/㎡(均价),住宅,萧山,建面 96-186㎡,410.0,570.0,96.0,186.0
133,东亚溪雅香舍,总价75-139(万/套),10500.0, 元/㎡(均价),住宅,临安,建面 75-139㎡,75.0,139.0,75.0,139.0
134,中天云望,总价780(万/套),46448.0, 元/㎡(均价),别墅,萧山,建面 168㎡,780.0,780.0,168.0,168.0
135,融信美好宝龙锦云澜天里,总价170-175(万/套),19099.0, 元/㎡(均价),住宅,临安,建面 80-115㎡,170.0,175.0,80.0,115.0
136,凤凰府邸,总价481-483(万/套),21800.0, 元/㎡(均价),别墅,临安,建面 152-222㎡,481.0,483.0,152.0,222.0
137,碧桂园万科悦望名邸,总价486-660(万/套),30000.0, 元/㎡(均价),别墅,富阳,建面 162-199㎡,486.0,660.0,162.0,199.0
138,镜象西湖,总价130-370(万/套),30000.0, 元/㎡(均价),商业类,西湖,建面 40-100㎡,130.0,370.0,40.0,100.0
139,阳光城檀映里,总价611(万/套),47000.0, 元/㎡(均价),住宅,拱墅,建面 115-142㎡,611.0,611.0,115.0,142.0
140,傲旋城,总价316(万/套),31000.0, 元/㎡(均价),商业类,滨江,建面 37-102㎡,316.0,316.0,37.0,102.0
141,江滨公望大厦,总价132(万/套),22000.0, 元/㎡(均价),商业类,富阳,建面 60㎡,132.0,132.0,60.0,60.0
142,柳岸晓风新都,总价175-220(万/套),16000.0, 元/㎡(均价),住宅,淳安,建面 109-129㎡,175.0,220.0,109.0,129.0
143,柳岸晓风新都,总价266-315(万/套),22000.0, 元/㎡(均价),别墅,淳安,建面 133-143㎡,266.0,315.0,133.0,143.0
144,玲珑郡,总价53.697-65.036(万/套),15000.0, 元/㎡(均价),商业类,桐庐,建面 37-43㎡,53.0,53.0,37.0,43.0
145,德信空港城,总价70-98(万/套),23000.0, 元/㎡(均价),商业类,萧山,建面 34-43㎡,70.0,98.0,34.0,43.0
146,湖光山社,总价464-536(万/套),36000.0, 元/㎡(均价),别墅,临安,建面 129-192㎡,464.0,536.0,129.0,192.0
147,未来七彩小镇,总价100(万/套),43000.0, 元/㎡(均价),商业,余杭,,100.0,100.0,,
148,地铁万科五常车辆段上盖,总价400(万/套),40000.0, 元/㎡(均价),商业,余杭,,400.0,400.0,,
149,世嘉铭座,总价130-300(万/套),28000.0, 元/㎡(均价),商业类,拱墅,建面 41-135㎡,130.0,300.0,41.0,135.0
150,凤凰府邸,总价73-101(万/套),9800.0, 元/㎡(均价),住宅,临安,建面 75-104㎡,73.0,101.0,75.0,104.0
151,澳海云樾赋,总价105-148(万/套),13300.0, 元/㎡(均价),住宅,富阳,建面 80-110㎡,105.0,148.0,80.0,110.0
152,江山云樾府,总价230-335(万/套),26200.0, 元/㎡(均价),住宅,钱塘区,建面 88-128㎡,230.0,335.0,88.0,128.0
153,润枫东润紫园,总价89-158(万/套),13000.0, 元/㎡(均价),住宅,淳安,建面 77-130㎡,89.0,158.0,77.0,130.0
154,赞成武林里,总价148-280(万/套),31000.0, 元/㎡(均价),商业类,拱墅,建面 43-91㎡,148.0,280.0,43.0,91.0
155,碧桂园万科悦望名邸,总价196-252(万/套),21900.0, 元/㎡(均价),住宅,富阳,建面 95-122㎡,196.0,252.0,95.0,122.0
156,美麓美座,总价95(万/套),25000.0, 元/㎡(均价),商业类,拱墅,建面 31-37㎡,95.0,95.0,31.0,37.0
157,聆潮府,,,,住宅,上城,,,,,
158,港郦中心,总价120(万/套),35000.0, 元/㎡(均价),商业类,余杭,建面 32-54㎡,120.0,120.0,32.0,54.0
159,聆潮府,,,,别墅,上城,,,,,
160,富春金茂星外滩·秦望府,总价299-520(万/套),29800.0, 元/㎡(均价),住宅,富阳,建面 108-230㎡,299.0,520.0,108.0,230.0
161,旭辉珺和府,总价129-175(万/套),14600.0, 元/㎡(均价),住宅,萧山,建面 89-120㎡,129.0,175.0,89.0,120.0
162,滨江旭辉滨旭府,总价227-290(万/套),25600.0, 元/㎡(均价),住宅,萧山,建面 89-110㎡,227.0,290.0,89.0,110.0
163,樟宜翠湾,总价297(万/套),29800.0, 元/㎡(均价),住宅,萧山,建面 89-130㎡,297.0,297.0,89.0,130.0
164,群升万国天地,总价160-260(万/套),35000.0, 元/㎡(均价),商业类,西湖,建面 48-77㎡,160.0,260.0,48.0,77.0
165,奥莱金街,总价140-265(万/套),37000.0, 元/㎡(均价),商业类,西湖,建面 45-90㎡,140.0,265.0,45.0,90.0
166,虹云之城·云彩之城,总价236-392(万/套),25600.0, 元/㎡(均价),住宅,萧山,建面 95-153㎡,236.0,392.0,95.0,153.0
167,天樾四季城,总价163-191(万/套),22500.0, 元/㎡(均价),住宅,临平区,建面 95-110㎡,163.0,191.0,95.0,110.0
168,天樾四季城,总价344-350(万/套),25100.0, 元/㎡(均价),别墅,临平区,建面 139㎡,344.0,350.0,139.0,139.0
169,荷源府,总价461-600(万/套),36900.0, 元/㎡(均价),住宅,萧山,建面 119-165㎡,461.0,600.0,119.0,165.0
170,佳源驭远•玖墅,总价547-910(万/套),31000.0, 元/㎡(均价),别墅,钱塘区,建面 186-294㎡,547.0,910.0,186.0,294.0
171,越秀星汇中心,总价144(万/套),11000.0, 元/㎡(均价),写字楼,临安,,144.0,144.0,,
172,海威天地,总价350(万/套),65000.0, 元/㎡(均价),底商,滨江,,350.0,350.0,,
173,佳源岛,总价88-150(万/套),14500.0, 元/㎡(均价),住宅,淳安,建面 55-115㎡,88.0,150.0,55.0,115.0
174,星创城映月璟园,总价290(万/套),29000.0, 元/㎡(均价),住宅,余杭,建面 100-131㎡,290.0,290.0,100.0,131.0
175,浅山,总价350(万/套),26000.0, 元/㎡(均价),别墅,淳安,建面 135-138㎡,350.0,350.0,135.0,138.0
176,杭房首望澜翠府,总价210-250(万/套),19000.0, 元/㎡(均价),住宅,富阳,建面 112-136㎡,210.0,250.0,112.0,136.0
177,百郦玲珑府,总价365-520(万/套),36800.0, 元/㎡(均价),住宅,上城,建面 95-130㎡,365.0,520.0,95.0,130.0
178,阳光城檀瑞府,总价211-255(万/套),22000.0, 元/㎡(均价),住宅,富阳,建面 96-116㎡,211.0,255.0,96.0,116.0
179,中顺新澜悦,总价100-140(万/套),21000.0, 元/㎡(均价),写字楼,临平区,建面 45-58㎡,100.0,140.0,45.0,58.0
180,嘉品美寓,总价202-300(万/套),21000.0, 元/㎡(均价),住宅,桐庐,建面 96-135㎡,202.0,300.0,96.0,135.0
181,德信赋富春云庄,总价180-240(万/套),19000.0, 元/㎡(均价),住宅,桐庐,建面 101-127㎡,180.0,240.0,101.0,127.0
182,德信赋富春云庄,总价551(万/套),30000.0, 元/㎡(均价),别墅,桐庐,建面 178-190㎡,551.0,551.0,178.0,190.0
183,望湖尚城,总价420(万/套),14000.0, 元/㎡(均价),商业,富阳,建面 300-313㎡,420.0,420.0,300.0,313.0
184,文宸望府,总价208(万/套),21400.0, 元/㎡(均价),住宅,萧山,建面 98-118㎡,208.0,208.0,98.0,118.0
185,三迪雅颂美筑,总价130(万/套),14600.0, 元/㎡(均价),住宅,钱塘区,建面 88-112㎡,130.0,130.0,88.0,112.0
186,江山风华邻里中心,总价210(万/套),70000.0, 元/㎡(均价),商业,临平区,,210.0,210.0,,
187,新希望华发锦粼云荟,总价127(万/套),48000.0, 元/㎡(均价),底商,萧山,,127.0,127.0,,
188,杭曜之城,总价315-384(万/套),30000.0, 元/㎡(均价),住宅,钱塘区,建面 105-128㎡,315.0,384.0,105.0,128.0
189,杭望云潮城,,,,住宅,钱塘区,,,,,
190,湖印光年府,总价300-420(万/套),30000.0, 元/㎡(均价),住宅,钱塘区,建面 105-139㎡,300.0,420.0,105.0,139.0
191,之彩城,总价139-209(万/套),17000.0, 元/㎡(均价),住宅,萧山,建面 97-129㎡,139.0,209.0,97.0,129.0
192,万泰华章,总价151.3-200.6(万/套),17000.0, 元/㎡(均价),住宅,萧山,建面 89-118㎡,151.0,151.0,89.0,118.0
193,宝业凤樾上筑,,,,住宅,萧山,,,,,
194,启航城,总价144-167(万/套),20000.0, 元/㎡(均价),住宅,余杭,建面 97-131㎡,144.0,167.0,97.0,131.0
195,杭臻源筑,总价400-530(万/套),37500.0, 元/㎡(均价),住宅,钱塘区,建面 105-142㎡,400.0,530.0,105.0,142.0
196,招商德信.花芸春境府,总价406-437(万/套),31500.0, 元/㎡(均价),住宅,上城,建面 101-139㎡,406.0,437.0,101.0,139.0
197,华家印月,总价1800-2500(万/套),58000.0, 元/㎡(均价),写字楼,上城,建面 366-420㎡,1800.0,2500.0,366.0,420.0
198,瑞源邸,总价195-248(万/套),20500.0, 元/㎡(均价),住宅,富阳,建面 93-121㎡,195.0,248.0,93.0,121.0
199,臻奥院,总价1200(万/套),80000.0, 元/㎡(均价),写字楼,滨江,,1200.0,1200.0,,
200,华景川科大.湖沁宸园,,,,住宅,临平区,,,,,
201,中天翡玥府,总价155-176(万/套),18000.0, 元/㎡(均价),住宅,钱塘区,建面 86-101㎡,155.0,176.0,86.0,101.0
202,锦翠栖源府,,,,住宅,西湖,,,,,
203,迪凯金座,总价422-4000(万/套),67000.0, 元/㎡(均价),写字楼,上城,建面 63-403㎡,422.0,4000.0,63.0,403.0
204,溪悦云和园,总价300(万/套),35400.0, 元/㎡(均价),住宅,西湖,建面 98-140㎡,300.0,300.0,98.0,140.0
205,君铂府,总价145.5-179(万/套),16257.0, 元/㎡(均价),住宅,萧山,建面 99-120㎡,145.0,145.0,99.0,120.0
206,桐韵家园,总价120-203(万/套),16000.0, 元/㎡(均价),住宅,桐庐,建面 75-139㎡,120.0,203.0,75.0,139.0
207,如沐清晖城,总价511-645(万/套),41500.0, 元/㎡(均价),别墅,临安,建面 158-195㎡,511.0,645.0,158.0,195.0
208,临之锦,,,,住宅,临平区,,,,,
209,绿城莲园,总价1239-1260(万/套),40000.0, 元/㎡(均价),别墅,临平区,建面 257-300㎡,1239.0,1260.0,257.0,300.0
210,崇城壹品,总价90-95(万/套),7400.0, 元/㎡(均价),住宅,嵊州市,建面 122-126㎡,90.0,95.0,122.0,126.0
211,卓越·蔚蓝海岸,总价121-157.5(万/套),12300.0, 元/㎡(均价),住宅,杭州湾新区,建面 75-140㎡,121.0,157.0,75.0,140.0
212,盈都新天地,总价38-70(万/套),14500.0, 元/㎡(均价),商业类,海宁市,建面 25-41㎡,38.0,70.0,25.0,41.0
213,碧桂园海上传奇,总价124-179(万/套),13200.0, 元/㎡(均价),住宅,杭州湾新区,建面 67-143㎡,124.0,179.0,67.0,143.0
214,柳岸雅园,总价132-150(万/套),10500.0, 元/㎡(均价),住宅,德清县,建面 125-139㎡,132.0,150.0,125.0,139.0
215,大地西城美院,总价109-125(万/套),8600.0, 元/㎡(均价),住宅,嵊州市,建面 89-139㎡,109.0,125.0,89.0,139.0
216,大地西城美院,总价290-420(万/套),16000.0, 元/㎡(均价),别墅,嵊州市,建面 193-235㎡,290.0,420.0,193.0,235.0
217,长和庄园,总价57-78(万/套),7500.0, 元/㎡(均价),住宅,长兴县,建面 89-120㎡,57.0,78.0,89.0,120.0
218,阳光城碧桂园玺园,总价365-485(万/套),30000.0, 元/㎡(均价),住宅,越城区,建面 128-169㎡,365.0,485.0,128.0,169.0
219,镜湖之星,总价70-80(万/套),17000.0, 元/㎡(均价),商业类,越城区,建面 39-48㎡,70.0,80.0,39.0,48.0
220,洛塘滨河郡,总价140(万/套),15500.0, 元/㎡(均价),住宅,海宁市,建面 70-90㎡,140.0,140.0,70.0,90.0
221,朗诗绿洲璟院,总价110-161(万/套),13500.0, 元/㎡(均价),住宅,桐乡市,建面 78-115㎡,110.0,161.0,78.0,115.0
222,世茂美的云筑,总价240-320(万/套),24000.0, 元/㎡(均价),住宅,越城区,建面 100-136㎡,240.0,320.0,100.0,136.0
223,卓越·蔚蓝海岸,总价350-360(万/套),20000.0, 元/㎡(均价),别墅,杭州湾新区,建面 153-161㎡,350.0,360.0,153.0,161.0
224,科大春风印月里,总价96-140(万/套),11000.0, 元/㎡(均价),住宅,桐乡市,建面 72-128㎡,96.0,140.0,72.0,128.0
225,海波名苑,总价180-230(万/套),18500.0, 元/㎡(均价),住宅,柯桥区,建面 90-130㎡,180.0,230.0,90.0,130.0
226,江南一品,总价68-83(万/套),10900.0, 元/㎡(均价),住宅,海盐县,建面 69-98㎡,68.0,83.0,69.0,98.0
227,悦铂商务中心,总价50(万/套),9500.0, 元/㎡(均价),商业类,杭州湾新区,建面 57㎡,50.0,50.0,57.0,57.0
228,新滨广场,总价100(万/套),30000.0, 元/㎡(均价),商业,柯桥区,建面 16000㎡,100.0,100.0,16000.0,16000.0
229,鸿翔金桂里,总价100(万/套),15500.0, 元/㎡(均价),住宅,海宁市,建面 67-98㎡,100.0,100.0,67.0,98.0
230,会稽云庐,总价400-637(万/套),27000.0, 元/㎡(均价),别墅,越城区,建面 150-236㎡,400.0,637.0,150.0,236.0
231,碧桂园海上风华,总价96-170(万/套),13000.0, 元/㎡(均价),住宅,杭州湾新区,建面 70-135㎡,96.0,170.0,70.0,135.0
232,和天地商业中心,总价128(万/套),30000.0, 元/㎡(均价),商业,柯桥区,,128.0,128.0,,
233,鸿悦府,总价69-100(万/套),9400.0, 元/㎡(均价),住宅,上虞区,建面 73-100㎡,69.0,100.0,73.0,100.0
234,合景臻颐府,总价226-370(万/套),20050.0, 元/㎡(均价),住宅,南湖区,建面 98-135㎡,226.0,370.0,98.0,135.0
235,鸿翔凤语江南,总价140-196(万/套),14000.0, 元/㎡(均价),住宅,桐乡市,建面 89-125㎡,140.0,196.0,89.0,125.0
236,华景川融信晴芳园,总价158-220(万/套),17500.0, 元/㎡(均价),住宅,桐乡市,建面 92-125㎡,158.0,220.0,92.0,125.0
237,枫尚学府,总价115-188(万/套),16900.0, 元/㎡(均价),住宅,嘉善县,建面 69-115㎡,115.0,188.0,69.0,115.0
238,春风棠颂府,总价230-310(万/套),12375.0, 元/㎡(均价),别墅,上虞区,建面 152-194㎡,230.0,310.0,152.0,194.0
239,万城·杭悦府,总价227-325(万/套),25000.0, 元/㎡(均价),住宅,海宁市,建面 94-126㎡,227.0,325.0,94.0,126.0
240,世合万科理想大地·启宸,总价195(万/套),14800.0, 元/㎡(均价),住宅,南湖区,建面 117-131㎡,195.0,195.0,117.0,131.0
241,悦汇大厦,总价65(万/套),11000.0, 元/㎡(均价),商业,越城区,建面 55㎡,65.0,65.0,55.0,55.0
242,蓝城·锦月园,总价140-220(万/套),15500.0, 元/㎡(均价),住宅,海宁市,建面 89-142㎡,140.0,220.0,89.0,142.0
243,万城九悦府,总价105-124(万/套),12800.0, 元/㎡(均价),住宅,海宁市,建面 75-89㎡,105.0,124.0,75.0,89.0
244,新邻里广场,总价66-100(万/套),8800.0, 元/㎡(均价),住宅,嵊州市,建面 76-116㎡,66.0,100.0,76.0,116.0
245,万城万杭府,总价220-825(万/套),24500.0, 元/㎡(均价),住宅,海宁市,建面 94-330㎡,220.0,825.0,94.0,330.0
246,华景川溪上云筑,总价119-175(万/套),12650.0, 元/㎡(均价),住宅,南湖区,建面 94-138㎡,119.0,175.0,94.0,138.0
247,华景川溪上云筑,总价450(万/套),17250.0, 元/㎡(均价),别墅,南湖区,建面 220㎡,450.0,450.0,220.0,220.0
248,悦景湾,总价94-160(万/套),14000.0, 元/㎡(均价),住宅,柯桥区,建面 80-113㎡,94.0,160.0,80.0,113.0
249,绿城明月春江,总价76-160(万/套),8800.0, 元/㎡(均价),住宅,诸暨市,建面 76-190㎡,76.0,160.0,76.0,190.0
250,理想大地·望宸里,总价176-260(万/套),15050.0, 元/㎡(均价),住宅,南湖区,建面 117-165㎡,176.0,260.0,117.0,165.0
251,云锦天樾,总价220-330(万/套),16000.0, 元/㎡(均价),别墅,德清县,建面 129-206㎡,220.0,330.0,129.0,206.0
252,鸿翔凤语江南,总价340-600(万/套),23800.0, 元/㎡(均价),别墅,桐乡市,建面 155-187㎡,340.0,600.0,155.0,187.0
253,观澜里,总价150(万/套),20000.0, 元/㎡(均价),商业,上虞区,,150.0,150.0,,
254,天阅美湖居,总价110-150(万/套),12800.0, 元/㎡(均价),住宅,杭州湾新区,建面 87-120㎡,110.0,150.0,87.0,120.0
255,新邻里广场,总价80(万/套),15000.0, 元/㎡(均价),商业,嵊州市,,80.0,80.0,,
256,正黄未来天辰苑,总价110-145(万/套),12750.0, 元/㎡(均价),住宅,秀洲区,建面 89-118㎡,110.0,145.0,89.0,118.0
257,京杭印,总价135-143(万/套),14500.0, 元/㎡(均价),住宅,德清县,建面 89-99㎡,135.0,143.0,89.0,99.0
258,鸿翔北辰金邸,总价95-124(万/套),13000.0, 元/㎡(均价),住宅,嘉善县,建面 72-89㎡,95.0,124.0,72.0,89.0
259,钱塘云湾中心,总价63-72(万/套),18000.0, 元/㎡(均价),写字楼,海宁市,建面 35-40㎡,63.0,72.0,35.0,40.0
260,绿城九龙仓柳岸晓风,,,,别墅,滨江,,,,,
261,金辉蓝光星奕云著,268,, (万/套)(总价),住宅,临平区,建面 89-125㎡,268.0,268.0,89.0,125.0
262,万科大溪谷,总价203(万/套),20800.0, 元/㎡(均价),住宅,余杭,建面 90-139㎡,203.0,203.0,90.0,139.0
263,中城汇MIDTOWN,,,,住宅,拱墅,建面 84-142㎡,,,84.0,142.0
264,金科碧桂园博翠府,总价426(万/套),30700.0, 元/㎡(均价),住宅,拱墅,建面 122-139㎡,426.0,426.0,122.0,139.0
265,和家园雍园,总价915(万/套),55000.0, 元/㎡(均价),别墅,西湖,建面 181-183㎡,915.0,915.0,181.0,183.0
266,钱江国际时代广场,,,,商业类,上城,建面 56㎡,,,56.0,56.0
267,融创东南海,,23000.0, 元/㎡(均价),商业类,萧山,建面 50㎡,,,50.0,50.0
268,融创东麟府,388,, (万/套)(总价),别墅,萧山,建面 155-190㎡,388.0,388.0,155.0,190.0
269,绿城九龙仓桂语江南,,,,别墅,萧山,建面 142-215㎡,,,142.0,215.0
270,云悦湾,总价454(万/套),40230.0, 元/㎡(均价),住宅,上城,,454.0,454.0,,
271,融信沐澜,,,,住宅,余杭,建面 89-112㎡,,,89.0,112.0
272,金隅中铁诺德都会森林,总价727(万/套),59200.0, 元/㎡(均价),住宅,上城,建面 124-189㎡,727.0,727.0,124.0,189.0
273,首开东城金茂府,总价558(万/套),47170.0, 元/㎡(均价),住宅,上城,建面 120-165㎡,558.0,558.0,120.0,165.0
274,金地宋都都会钱塘,总价222(万/套),24652.0, 元/㎡(均价),住宅,钱塘区,建面 89-125㎡,222.0,222.0,89.0,125.0
275,碧桂园良樾,总价283(万/套),20358.0, 元/㎡(均价),别墅,余杭,建面 139-156㎡,283.0,283.0,139.0,156.0
276,滨江碧桂园翡翠江南,总价296(万/套),33300.0, 元/㎡(均价),住宅,萧山,建面 127-140㎡,296.0,296.0,127.0,140.0
277,滨江碧桂园卧城印象,总价242(万/套),25200.0, 元/㎡(均价),住宅,萧山,建面 118㎡,242.0,242.0,118.0,118.0
278,中粮梦栖祥云,,,,别墅,余杭,建面 142-162㎡,,,142.0,162.0
279,滨江碧桂园卧城印象,836,, (万/套)(总价),别墅,萧山,建面 199㎡,836.0,836.0,199.0,199.0
280,融创金成江南府,总价2300(万/套),38588.0, 元/㎡(均价),别墅,余杭,建面 148-237㎡,2300.0,2300.0,148.0,237.0
281,碧桂园越溪府,总价500(万/套),25000.0, 元/㎡(均价),别墅,萧山,建面 218㎡,500.0,500.0,218.0,218.0
282,香港兴业耦园,,,,别墅,余杭,建面 141-237㎡,,,141.0,237.0
283,东南钱江蓝湾,,,,别墅,萧山,,,,,
284,融创金成英特学府,,,,别墅,余杭,,,,,
285,合景天銮,,,,别墅,拱墅,建面 162㎡,,,162.0,162.0
286,融信萧山公馆,,,,别墅,萧山,建面 198㎡,,,198.0,198.0
287,新城璟隽公馆,总价75(万/套),23000.0, 元/㎡(均价),商业类,萧山,建面 30-40㎡,75.0,75.0,30.0,40.0
288,鸿盛家园,总价187(万/套),15000.0, 元/㎡(均价),住宅,临安,建面 129-138㎡,187.0,187.0,129.0,138.0
289,景瑞阳光城法兰公园,,,,别墅,临平区,建面 210-215㎡,,,210.0,215.0
290,云水山居,总价117(万/套),12600.0, 元/㎡(均价),住宅,富阳,建面 146-156㎡,117.0,117.0,146.0,156.0
291,碧桂园金科尚合府,,,,住宅,拱墅,建面 94-139㎡,,,94.0,139.0
292,君望花苑,总价410(万/套),24500.0, 元/㎡(均价),别墅,富阳,建面 160-180㎡,410.0,410.0,160.0,180.0
293,朗诗枫荟,总价83.1(万/套),21000.0, 元/㎡(均价),商业类,临平区,建面 40-62㎡,83.0,83.0,40.0,62.0
294,秀隐翠园,,,,住宅,拱墅,建面 104-200㎡,,,104.0,200.0
295,远洋西溪公馆,,,,住宅,余杭,建面 56-141㎡,,,56.0,141.0
296,海伦堡棠锦,283,, (万/套)(总价),住宅,余杭,建面 89-135㎡,283.0,283.0,89.0,135.0
297,华夏之心,,,,住宅,余杭,建面 89-139㎡,,,89.0,139.0
298,北辰国颂府,871,, (万/套)(总价),别墅,萧山,建面 177-184㎡,871.0,871.0,177.0,184.0
299,融信杭州世纪,628,, (万/套)(总价),住宅,萧山,建面 114-199㎡,628.0,628.0,114.0,199.0
300,绿城西溪云庐,总价2400(万/套),100000.0, 元/㎡(均价),别墅,西湖,建面 216-305㎡,2400.0,2400.0,216.0,305.0
301,国开东方凤凰台,,,,住宅,余杭,建面 89-137㎡,,,89.0,137.0
302,绿城和庐,,,,住宅,余杭,建面 130-140㎡,,,130.0,140.0
303,龙湖江与城,469,, (万/套)(总价),别墅,钱塘区,建面 173-198㎡,469.0,469.0,173.0,198.0
304,西房拱宸外滩,,,,别墅,临平区,建面 165-190㎡,,,165.0,190.0
305,滨江新希望新城未来海岸,总价526(万/套),32000.0, 元/㎡(均价),别墅,钱塘区,建面 195-210㎡,526.0,526.0,195.0,210.0
306,万丽璞丽,,,,住宅,临平区,建面 360-500㎡,,,360.0,500.0
307,越秀景瑞悦见山,,,,住宅,临平区,建面 89-120㎡,,,89.0,120.0
308,碧桂园前宸府,总价257(万/套),21300.0, 元/㎡(均价),住宅,萧山,建面 121-139㎡,257.0,257.0,121.0,139.0
309,德信碧桂园印江南,总价306(万/套),26318.0, 元/㎡(均价),住宅,萧山,建面 120-132㎡,306.0,306.0,120.0,132.0
310,金地滨江万科悦虹湾,,,,住宅,萧山,建面 89-127㎡,,,89.0,127.0
311,绿地华家池印,总价2128(万/套),56000.0, 元/㎡(均价),住宅,上城,建面 380㎡,2128.0,2128.0,380.0,380.0
312,西溪新城市,,,,底商,西湖,,,,,
313,大家金鼎府,,,,住宅,富阳,建面 129-153㎡,,,129.0,153.0
314,碧桂园东旭府,,18156.0, 元/㎡(均价),住宅,萧山,建面 89㎡,,,89.0,89.0
315,润东府,,11500.0, 元/㎡(均价),住宅,钱塘区,,,,,
316,融信沐澜,400,, (万/套)(总价),别墅,余杭,建面 128-139㎡,400.0,400.0,128.0,139.0
317,三湘印象森林海尚,总价403(万/套),45800.0, 元/㎡(均价),住宅,上城,建面 89-139㎡,403.0,403.0,89.0,139.0
318,绿城九龙仓桂语朝阳,总价339(万/套),29800.0, 元/㎡(均价),住宅,萧山,建面 88-138㎡,339.0,339.0,88.0,138.0
319,绿城九龙仓桂语朝阳,总价260(万/套),29800.0, 元/㎡(均价),别墅,萧山,建面 198-210㎡,260.0,260.0,198.0,210.0
320,阳光郡,,,,住宅,拱墅,建面 178㎡,,,178.0,178.0
321,金地广场,,,,商业类,余杭,,,,,
322,嘉里云荷廷,,,,住宅,西湖,,,,,
323,阳光城普升,,,,住宅,上城,,,,,
324,中国铁建国际花园,,,,住宅,上城,,,,,
325,滨江东方海岸(萧山),,,,住宅,萧山,,,,,
326,郡原相江公寓,,,,住宅,上城,,,,,
327,金都夏宫,,,,住宅,临平区,建面 89-190㎡,,,89.0,190.0
328,保亿丽景山,,,,别墅,余杭,,,,,
329,茂宸金座,总价2660(万/套),70000.0, 元/㎡(均价),住宅,上城,建面 220㎡,2660.0,2660.0,220.0,220.0
330,新城峯璟,,,,住宅,余杭,,,,,
331,金都夏宫,,,,别墅,临平区,建面 217-289㎡,,,217.0,289.0
332,杭钢尚堂府,,,,住宅,拱墅,,,,,
333,万科坤和玉泉,,,,住宅,西湖,,,,,
334,佳源名城,,,,住宅,临平区,,,,,
335,昆盛肖邦,,,,住宅,上城,建面 116㎡,,,116.0,116.0
336,中栋国际,总价580(万/套),35000.0, 元/㎡(均价),住宅,萧山,建面 30-192㎡,580.0,580.0,30.0,192.0
337,阳光城翡丽湾,,,,住宅,上城,,,,,
338,坤和和家园,,,,住宅,西湖,建面 183-367㎡,,,183.0,367.0
339,协安蓝郡,,,,住宅,余杭,,,,,
340,保利梧桐语,,,,住宅,上城,,,,,
341,新天地中心,总价159(万/套),29000.0, 元/㎡(均价),商业类,拱墅,建面 55-130㎡,159.0,159.0,55.0,130.0
342,首开武林8栋,,,,住宅,拱墅,建面 109㎡,,,109.0,109.0
343,恒基旭辉府,,,,住宅,临平区,,,,,
344,坤和和家园,1180,, (万/套)(总价),别墅,西湖,建面 330㎡,1180.0,1180.0,330.0,330.0
345,恒大城市之光,总价371(万/套),31000.0, 元/㎡(均价),住宅,滨江,建面 89㎡,371.0,371.0,89.0,89.0
346,银杏汇,,,,住宅,滨江,,,,,
347,融创瑷颐湾,,,,住宅,余杭,,,,,
348,赞成杭家,,,,住宅,临平区,,,,,
349,赞成首府,,,,住宅,临平区,,,,,
350,欧美金融城,,,,住宅,余杭,,,,,
351,阳光城上府,,,,住宅,萧山,,,,,
352,欧美金融城,,,,商业类,余杭,建面 38-42㎡,,,38.0,42.0
353,武林壹号,,,,住宅,拱墅,建面 412㎡,,,412.0,412.0
354,中栋国际,,,,商业类,萧山,,,,,
355,阳光银泰城,,,,商业类,拱墅,,,,,
356,恒大水晶国际广场,,,,住宅,西湖,,,,,
357,雅居乐国际花园,,,,住宅,余杭,建面 89-127㎡,,,89.0,127.0
358,华瑞晴庐,,,,住宅,萧山,,,,,
359,卓越蔚蓝领秀一期,,,,住宅,上城,,,,,
360,东方一号,,,,住宅,萧山,,,,,
361,天城府,,,,住宅,上城,,,,,
362,中国铁建江南国际城,,,,住宅,萧山,,,,,
363,金隅观澜时代天筑,,,,住宅,钱塘区,,,,,
364,万科名城博园,,,,住宅,余杭,建面 59-128㎡,,,59.0,128.0
365,中兴御田清庭,,,,住宅,拱墅,,,,,
366,保利中心,,,,住宅,上城,,,,,
367,东日晴好,,,,住宅,西湖,,,,,
368,东亚新干线,,,,商业类,上城,建面 43-67㎡,,,43.0,67.0
369,黄金时代,,,,商业类,上城,,,,,
370,蓝钻天成,,,,商业类,拱墅,建面 78-140㎡,,,78.0,140.0
371,众安白马山庄,,,,别墅,西湖,,,,,
372,绿城桃花源,,,,别墅,余杭,,,,,
373,城发云锦城,,,,住宅,上城,,,,,
374,新城红郡,,,,住宅,上城,,,,,
375,融创瑷骊山,,,,住宅,西湖,,,,,
376,万科大家世纪之光,,,,住宅,萧山,,,,,
377,北辰奥园,,,,住宅,萧山,,,,,
378,金地天逸,,,,住宅,萧山,,,,,
379,金地格林格林,,,,住宅,上城,,,,,
380,赞成赞城,,,,住宅,余杭,,,,,
381,顺发吉祥半岛,,,,别墅,拱墅,,,,,
382,贝利云栖中心,,,,商业类,西湖,,,,,
383,余之城,,,,住宅,临平区,,,,,
384,华元西溪欢乐城,总价220(万/套),40000.0, 元/㎡(均价),商业类,余杭,建面 53㎡,220.0,220.0,53.0,53.0
385,众安学君里,,,,住宅,余杭,建面 89-118㎡,,,89.0,118.0
386,新湖菲林山,,,,住宅,余杭,建面 90-138㎡,,,90.0,138.0
387,得力名望府,,,,住宅,萧山,,,,,
388,众安理想湾,,,,住宅,临平区,建面 112-140㎡,,,112.0,140.0
389,万通时尚公馆,,,,住宅,余杭,,,,,
390,东晖龙悦湾,,,,住宅,临平区,,,,,
391,嘉丰万悦城,94,, (万/套)(总价),住宅,临平区,建面 90-126㎡,94.0,94.0,90.0,126.0
392,富邦星座,,,,商业类,临平区,,,,,
393,淮矿东元府,,,,住宅,上城,建面 89㎡,,,89.0,89.0
394,东海水景城,总价218(万/套),23740.0, 元/㎡(均价),住宅,临平区,建面 129㎡,218.0,218.0,129.0,129.0
395,星汇花园,,,,住宅,临安,,,,,
396,新城香悦半岛,,,,住宅,萧山,,,,,
397,佳兆业西溪璞园,,,,住宅,余杭,,,,,
398,万科郡西澜山,,,,住宅,余杭,,,,,
399,九龙仓君廷,,,,住宅,临平区,建面 87-130㎡,,,87.0,130.0
400,融信学院府,,,,住宅,拱墅,,,,,
401,万科杭宸,,,,住宅,余杭,,,,,
402,富力十号院,,,,住宅,余杭,,,,,
403,九龙仓珑玺,,,,住宅,拱墅,,,,,
404,东方君悦,,,,商业类,上城,建面 91-188㎡,,,91.0,188.0
405,新城香悦奥府,,,,住宅,萧山,,,,,
406,西溪风情花园,,,,住宅,余杭,建面 118-166㎡,,,118.0,166.0
407,德信君宸,,,,住宅,萧山,,,,,
408,上实海上海,,,,住宅,余杭,建面 110-124㎡,,,110.0,124.0
409,碧桂园西江月,,,,住宅,拱墅,,,,,
410,雍荣华庭,,,,住宅,拱墅,,,,,
411,中企艮山府,,,,住宅,上城,,,,,
412,鑫运时代金座,,,,商业类,上城,建面 50㎡,,,50.0,50.0
413,融创金成西溪海,355,, (万/套)(总价),住宅,余杭,建面 130-138㎡,355.0,355.0,130.0,138.0
414,融创金成西溪海,,,,别墅,余杭,,,,,
415,龙湖武林九里,,,,住宅,上城,,,,,
416,滨江华家池,,,,商业类,上城,,,,,
417,天阳文晖,,,,住宅,上城,,,,,
418,万科新都会1958,,,,住宅,拱墅,,,,,
419,广宇万科公园里,,,,住宅,拱墅,,,,,
420,雍和府,,,,住宅,上城,,,,,
421,大家绿城金麟府,,,,住宅,拱墅,,,,,
422,滨江德信东方星城,,,,住宅,上城,,,,,
423,万科中央公园,,,,住宅,上城,,,,,
424,滨江华成大江之星,172,, (万/套)(总价),住宅,钱塘区,建面 86-89㎡,172.0,172.0,86.0,89.0
425,富力新线公园,,,,住宅,余杭,,,,,
426,金地西溪风华,,,,住宅,余杭,,,,,
427,北大资源未名府,,,,住宅,余杭,,,,,
428,天润商业中心,总价175(万/套),27000.0, 元/㎡(均价),商业类,萧山,建面 51-90㎡,175.0,175.0,51.0,90.0
429,华元花涧堂,,,,别墅,临平区,,,,,
430,天阳武林邸,,,,住宅,拱墅,,,,,
431,东南钱江蓝湾,182,, (万/套)(总价),住宅,萧山,建面 86-127㎡,182.0,182.0,86.0,127.0
432,万科缦云坊,,,,住宅,余杭,建面 83-134㎡,,,83.0,134.0
433,大运宸府,,,,住宅,拱墅,,,,,
434,中国铁建西湖国际城,,,,住宅,西湖,建面 89-134㎡,,,89.0,134.0
435,湖景居,总价277(万/套),31500.0, 元/㎡(均价),住宅,钱塘区,建面 82-128㎡,277.0,277.0,82.0,128.0
436,万科北宸之光三期拱宸,,,,住宅,余杭,建面 135㎡,,,135.0,135.0
437,滨江铂金海岸,,,,住宅,上城,建面 139-157㎡,,,139.0,157.0
438,首开望宸,,,,住宅,拱墅,,,,,
439,艺尚里,,,,住宅,临平区,,,,,
440,万科海上明月,,,,住宅,萧山,,,,,
441,云溪新语,,,,住宅,西湖,,,,,
442,潮闻天下,总价621(万/套),27000.0, 元/㎡(均价),别墅,钱塘区,建面 180-280㎡,621.0,621.0,180.0,280.0
443,信融御金台,总价968(万/套),31280.0, 元/㎡(均价),商业类,萧山,建面 415-418㎡,968.0,968.0,415.0,418.0
444,绿城九龙仓柳岸晓风,,,,住宅,滨江,,,,,
445,嘉和银领时代,总价735(万/套),21000.0, 元/㎡(均价),别墅,临平区,建面 350㎡,735.0,735.0,350.0,350.0
446,荀庄,,,,别墅,余杭,,,,,
447,野风启城,,,,住宅,临平区,建面 199㎡,,,199.0,199.0
448,溪悦宸府,,,,住宅,余杭,,,,,
449,科尔世纪外滩,,,,住宅,萧山,,,,,
450,科尔世纪外滩,总价1678(万/套),45000.0, 元/㎡(均价),别墅,萧山,建面 325-373㎡,1678.0,1678.0,325.0,373.0
451,光明尚海湾,,22799.0, 元/㎡(均价),住宅,萧山,建面 88-130㎡,,,88.0,130.0
452,赞成檀府,,,,住宅,临平区,,,,,
453,赞成檀府,,,,别墅,临平区,建面 300㎡,,,300.0,300.0
454,中港罗兰小镇,,,,住宅,余杭,建面 89-109㎡,,,89.0,109.0
455,兴耀星悦湾,,,,别墅,钱塘区,,,,,
456,华元欢乐城,,,,商业类,临平区,,,,,
457,广厦天都城天熙公馆,,,,住宅,临平区,,,,,
458,泰地北上新城,,,,商业类,拱墅,建面 80㎡,,,80.0,80.0
459,杭州明石商业大厦,,,,商业类,上城,建面 58㎡,,,58.0,58.0
460,杭州港龙城,,,,商业类,上城,建面 64㎡,,,64.0,64.0
461,绿城桃源小镇,,,,住宅,余杭,建面 129-139㎡,,,129.0,139.0
462,万科郡西,,,,别墅,余杭,,,,,
463,绿城运河郡,,,,商业类,拱墅,,,,,
464,金铂湾,总价211(万/套),40000.0, 元/㎡(均价),商业类,滨江,建面 88㎡,211.0,211.0,88.0,88.0
465,潮闻天下,总价112(万/套),13500.0, 元/㎡(均价),住宅,钱塘区,建面 83-132㎡,112.0,112.0,83.0,132.0
466,江滨澜廷,,,,商业类,滨江,建面 58㎡,,,58.0,58.0
467,之江九里,,,,别墅,西湖,,,,,
468,滨江东方海岸(萧山),,,,别墅,萧山,,,,,
469,朝阳银座,,,,商业类,萧山,,,,,
470,佳兆业西溪璞园,,,,别墅,余杭,,,,,
471,万科溪望,,,,别墅,余杭,,,,,
472,向江来时代中心,,,,商业类,上城,,,,,
473,西溪君庐,,,,别墅,余杭,,,,,
474,旭辉时代城,,,,住宅,临平区,,,,,
475,杭钢紫元旭润和府,,,,住宅,临平区,,,,,
476,宋都时间国际,,,,商业类,上城,,,,,
477,恒祺克拉天玺,,,,商业类,上城,,,,,
478,奥克斯缔逸城,,,,商业类,余杭,,,,,
479,融信澜天,,,,住宅,余杭,,,,,
480,融信澜天,,,,别墅,余杭,建面 150㎡,,,150.0,150.0
481,金地西溪风华,,,,别墅,余杭,,,,,
482,宋都东郡之星,,,,住宅,钱塘区,,,,,
483,中国铁建保利像素,,,,住宅,钱塘区,,,,,
484,万科溪望,,,,住宅,余杭,,,,,
485,新城红郡,,,,别墅,上城,,,,,
486,华鼎君临天峯,,,,住宅,临平区,,,,,
487,创客空间大厦,,,,商业类,余杭,,,,,
488,梦溪东明山居,,,,住宅,余杭,,,,,
489,华瑞湘湖美地,,,,住宅,萧山,,,,,
490,杉杉恒和依山郡,,,,住宅,余杭,,,,,
491,杉杉恒和依山郡,353,, (万/套)(总价),别墅,余杭,建面 150-372㎡,353.0,353.0,150.0,372.0
492,恒厚阳光城,,,,住宅,余杭,,,,,
493,钱塘梧桐蓝山,,,,住宅,临平区,,,,,
494,明华名港城二期,190,, (万/套)(总价),住宅,萧山,建面 108-135㎡,190.0,190.0,108.0,135.0
495,明华名港城二期,,,,别墅,萧山,,,,,
496,大奇山郡,,,,别墅,桐庐,建面 540㎡,,,540.0,540.0
497,财和湘域湾,,,,别墅,萧山,,,,,
498,湖山帝景湾,,,,别墅,余杭,,,,,
499,CBC时代大观,,,,商业类,临平区,,,,,
500,绿都南江壹号,,,,住宅,萧山,,,,,
501,天鸿香榭里,,,,住宅,拱墅,,,,,
502,广宇鼎悦府,,,,住宅,临平区,,,,,
503,开元广场,,,,别墅,萧山,,,,,
504,顺发堤香,,,,住宅,萧山,建面 172㎡,,,172.0,172.0
505,世茂中心,,,,写字楼,滨江,,,,,
506,富亿NEO中心,,,,写字楼,上城,,,,,
507,远洋杭州大运河商务区,,,,写字楼,拱墅,,,,,
508,梦溪东明山居,总价600(万/套),24000.0, 元/㎡(均价),别墅,余杭,建面 275-600㎡,600.0,600.0,275.0,600.0
509,富春玫瑰园,总价1100(万/套),49000.0, 元/㎡(均价),别墅,富阳,建面 200-288㎡,1100.0,1100.0,200.0,288.0
510,理想银泰城,,,,商业类,临平区,,,,,
511,宝龙城市广场,,,,商业类,钱塘区,,,,,
512,西溪蓝海,,,,商业类,余杭,建面 38-134㎡,,,38.0,134.0
513,宋都时间国际,,23000.0, 元/㎡(均价),写字楼,上城,,,,,
514,富力西溪悦墅,,,,别墅,余杭,,,,,
515,合景映月台,,,,住宅,余杭,,,,,
516,绿地旭辉城,,,,商业类,滨江,,,,,
517,龙湖水晶郦城,,,,住宅,西湖,,,,,
518,绿野御墅,总价1450(万/套),35280.0, 元/㎡(均价),别墅,余杭,建面 395-501㎡,1450.0,1450.0,395.0,501.0
519,西溪智慧健康谷,总价92(万/套),25000.0, 元/㎡(均价),商业类,余杭,建面 43-49㎡,92.0,92.0,43.0,49.0
520,世茂之西湖,,,,商业类,滨江,,,,,
521,港汇中心,,,,商业类,萧山,,,,,
522,绿城运河郡,,,,商业,拱墅,,,,,
523,春江香樟苑,,,,住宅,富阳,,,,,
524,融创玖樟台,,,,住宅,上城,,,,,
525,佳源未来府,,,,住宅,余杭,,,,,
526,中骏钱塘御景,,,,住宅,萧山,,,,,
527,万宝城,,,,商业,临平区,,,,,
528,浙港国际,,,,商业类,西湖,,,,,
529,华夏四季,,,,住宅,余杭,建面 127-139㎡,,,127.0,139.0
530,滨江旭辉万家之星,,,,住宅,余杭,,,,,
531,尚城墅,,,,别墅,滨江,,,,,
532,万科未来城三期梦溪里,,,,别墅,余杭,,,,,
533,富力天贸广场,,,,商业类,余杭,,,,,
534,通和十二橡树,,,,别墅,临平区,,,,,
535,青山湖玫瑰园,总价595(万/套),28344.0, 元/㎡(均价),别墅,临安,建面 225㎡,595.0,595.0,225.0,225.0
536,滨江江南之星,,,,住宅,萧山,,,,,
537,南洋名都,总价154(万/套),15289.0, 元/㎡(均价),住宅,临安,建面 101-134㎡,154.0,154.0,101.0,134.0
538,郡乐苑,,,,住宅,萧山,,,,,
539,东厦东港花苑,,,,住宅,临平区,,,,,
540,万通中心,,,,商业类,拱墅,,,,,
541,翡翠城三期,,,,别墅,余杭,,,,,
542,星运丽园兰逸,,,,别墅,临平区,,,,,
543,湘湖壹号,,,,别墅,萧山,,,,,
544,万科君望,总价600(万/套),24500.0, 元/㎡(均价),别墅,富阳,建面 164-240㎡,600.0,600.0,164.0,240.0
545,万科良渚文化村堂前,,,,别墅,余杭,,,,,
546,大千古街,,,,住宅,淳安,,,,,
547,中天珺府,,,,别墅,临安,,,,,
548,宋都东郡国际,,,,别墅,钱塘区,建面 230㎡,,,230.0,230.0
549,观澜时代云邸苑,,,,别墅,钱塘区,,,,,
550,绿城曼陀花园,总价369(万/套),25126.0, 元/㎡(均价),别墅,临安,,369.0,369.0,,
551,澳海澜庭,总价72(万/套),9486.0, 元/㎡(均价),别墅,富阳,建面 76-123㎡,72.0,72.0,76.0,123.0
552,龙湖春江天玺,,,,住宅,萧山,,,,,
553,新城香悦半岛,,,,别墅,萧山,,,,,
554,竹径云山,,,,别墅,余杭,,,,,
555,梅和名府,,,,住宅,萧山,建面 153㎡,,,153.0,153.0
556,杭州港龙城,,25000.0, 元/㎡(均价),商业,上城,,,,,
557,玲珑府,总价592(万/套),35000.0, 元/㎡(均价),商业,滨江,建面 168㎡,592.0,592.0,168.0,168.0
558,万都晶座,,,,商业类,萧山,,,,,
559,北湖绿洲花园,,,,住宅,余杭,,,,,
560,领航城,,,,住宅,萧山,,,,,
561,卓越蔚蓝领秀二期,,,,住宅,上城,,,,,
562,金世纪运河丽园,,,,住宅,临平区,建面 140-165㎡,,,140.0,165.0
563,通和十二橡树,,,,住宅,临平区,,,,,
564,新城香悦公馆,,,,住宅,萧山,建面 89-110㎡,,,89.0,110.0
565,融创河滨之城雨澜轩,,,,商业,西湖,,,,,
566,瑞金华丽嘉苑,,,,住宅,临平区,,,,,
567,海德公园,,,,住宅,余杭,建面 82-89㎡,,,82.0,89.0
568,和昌府,,,,住宅,余杭,,,,,
569,香港兴业耦园,,,,住宅,余杭,建面 117-190㎡,,,117.0,190.0
570,祥生群贤府,,,,住宅,临平区,,,,,
571,祥生群贤府,,,,别墅,临平区,建面 116-160㎡,,,116.0,160.0
572,融创时代奥城,,,,住宅,萧山,,,,,
573,绿城运河宸园,,,,别墅,拱墅,,,,,
574,金色和庄,总价108(万/套),12000.0, 元/㎡(均价),住宅,钱塘区,建面 88-89㎡,108.0,108.0,88.0,89.0
575,雷威沁园,,16396.0, 元/㎡(均价),住宅,临安,建面 89㎡,,,89.0,89.0
576,朗诗熙华府,,,,住宅,拱墅,,,,,
577,阳光城西郊半岛,总价204(万/套),21100.0, 元/㎡(均价),住宅,富阳,建面 97-140㎡,204.0,204.0,97.0,140.0
578,融创涌清府,,,,住宅,上城,建面 147㎡,,,147.0,147.0
579,祥生钱塘新语,,,,住宅,海宁市,,,,,
580,滨江金茂府,,65981.0, 元/㎡(均价),住宅,滨江,建面 188㎡,,,188.0,188.0
581,复泰雅宸华庭,总价189(万/套),13000.0, 元/㎡(均价),住宅,余杭,建面 145㎡,189.0,189.0,145.0,145.0
582,复泰雅宸华庭,总价652(万/套),22000.0, 元/㎡(均价),别墅,余杭,建面 326㎡,652.0,652.0,326.0,326.0
583,望湖山庄,,,,住宅,淳安,,,,,
584,玉兰花园,,,,住宅,淳安,,,,,
585,天阳文晖,,,,商业,上城,,,,,
586,浙商国际中心,,,,商业,上城,,,,,
587,阳光银泰城,,,,写字楼,拱墅,,,,,
588,九龙湾,,,,别墅,淳安,,,,,
589,宋都晨光国际,,,,商业,钱塘区,,,,,
590,太平洋银座,,,,写字楼,上城,,,,,
591,义桥星天地,,,,商业,萧山,,,,,
592,金沙世纪大厦,,,,写字楼,钱塘区,,,,,
593,崇贤上亿广场,,,,商业,临平区,,,,,
594,山水国际,300,, (万/套)(总价),商业,富阳,,300.0,300.0,,
595,华润万象汇,350,, (万/套)(总价),写字楼,萧山,,350.0,350.0,,
596,银泰海威国际,,,,写字楼,滨江,,,,,
597,赞成中心,,,,写字楼,上城,,,,,
598,元成时代中心,,,,商业,钱塘区,,,,,
599,浙港国际,,,,商业,西湖,,,,,
600,原禾大厦,,,,商业,余杭,,,,,
601,中旅城仕公馆,,30000.0, 元/㎡(均价),商业,上城,,,,,
602,杭州万达广场,,,,写字楼,拱墅,,,,,
603,宋都丽郡国际,,,,住宅,钱塘区,,,,,
604,绿地中央广场,,,,写字楼,拱墅,,,,,
605,铁建万科江湾城,,,,住宅,萧山,,,,,
606,新天地G193广场,总价48(万/套),30000.0, 元/㎡(均价),商业,拱墅,,48.0,48.0,,
607,中节能西溪首座,,,,写字楼,西湖,,,,,
608,金街美地,,,,商业,西湖,,,,,
609,东海闲湖城,总价223(万/套),18928.0, 元/㎡(均价),住宅,余杭,建面 118㎡,223.0,223.0,118.0,118.0
610,沈半路灯具市场,,,,写字楼,拱墅,,,,,
611,天鸿美和院,,,,商业类,富阳,,,,,
612,武林外滩,,,,商业类,拱墅,,,,,
613,越秀星汇尚城,315,, (万/套)(总价),商业,余杭,,315.0,315.0,,
614,金地艺境,,,,商业,临平区,,,,,
615,英冠乐创城,,40000.0, 元/㎡(均价),商业类,萧山,建面 43㎡,,,43.0,43.0
616,中豪国际,,,,写字楼,上城,,,,,
617,梧桐燕庐,,,,别墅,西湖,,,,,
618,玖玖国际财富中心,总价56(万/套),40000.0, 元/㎡(均价),商业,临平区,,56.0,56.0,,
619,蓝钻天成,150,, (万/套)(总价),商业,拱墅,,150.0,150.0,,
620,万科未来城二期,200,, (万/套)(总价),商业,余杭,,200.0,200.0,,
621,江南国际丝绸城,,,,商业类,临平区,,,,,
622,江南国际丝绸城,,,,商业,临平区,,,,,
623,中铁九逸,,,,住宅,临平区,建面 88-139㎡,,,88.0,139.0
624,旭辉滨江东方悦府,,,,住宅,萧山,,,,,
625,越秀维多利中心,,,,写字楼,上城,,,,,
626,东晖龙悦湾,,,,别墅,临平区,建面 190-250㎡,,,190.0,250.0
627,星运丽园兰逸,,,,住宅,临平区,,,,,
628,碧桂园深蓝国际,总价1100(万/套),40000.0, 元/㎡(均价),商业类,萧山,建面 86-273㎡,1100.0,1100.0,86.0,273.0
629,新城龙湖湾上风华,,,,住宅,上城,,,,,
630,合景映月台,,,,别墅,余杭,,,,,
631,旺君国际,,,,写字楼,西湖,,,,,
632,融信学院府,,,,商业,拱墅,,,,,
633,金色黎明三期,总价350(万/套),35000.0, 元/㎡(均价),商业,上城,,350.0,350.0,,
634,融信永兴首府,,,,别墅,萧山,,,,,
635,中豪七格,,,,商业,钱塘区,,,,,
636,融信永兴首府,,,,住宅,萧山,,,,,
637,东方铭楼,,,,商业类,钱塘区,,,,,
638,华元欢乐城,,,,商业,临平区,,,,,
639,佳源优优锦城,,,,住宅,临安,,,,,
640,北大资源未名府,,,,商业类,余杭,,,,,
641,华元天鹅堡,总价384(万/套),27000.0, 元/㎡(均价),商业类,西湖,建面 51-128㎡,384.0,384.0,51.0,128.0
642,景瑞天赋,,,,住宅,萧山,,,,,
643,滨江新城东方名府,,,,住宅,萧山,,,,,
644,新天地金色时光,总价292(万/套),34742.0, 元/㎡(均价),住宅,上城,建面 68-130㎡,292.0,292.0,68.0,130.0
645,中赢金城里,,,,写字楼,萧山,,,,,
646,昆仑天籁,,,,商业,上城,,,,,
647,中赢金城里,,,,商业,萧山,,,,,
648,雅居乐国际花园,总价125(万/套),22000.0, 元/㎡(均价),商业,余杭,,125.0,125.0,,
649,金隅空港公馆,,20000.0, 元/㎡(均价),商业类,钱塘区,建面 52-55㎡,,,52.0,55.0
650,融创金成未来海,,,,住宅,余杭,建面 128-139㎡,,,128.0,139.0
651,钱江之江新天地,,,,商业类,西湖,,,,,
652,金岸提香,总价660(万/套),32000.0, 元/㎡(均价),别墅,余杭,建面 207-240㎡,660.0,660.0,207.0,240.0
653,复泰雅宸华庭,总价61(万/套),14500.0, 元/㎡(均价),商业类,余杭,建面 45-50㎡,61.0,61.0,45.0,50.0
654,四维金座,,,,商业类,临平区,,,,,
655,富春硅谷,,,,写字楼,富阳,,,,,
656,南钻广场,288,, (万/套)(总价),商业,萧山,,288.0,288.0,,
657,天达广场,,14500.0, 元/㎡(均价),写字楼,上城,,,,,
658,三花国际,,42000.0, 元/㎡(均价),商业类,上城,建面 52㎡,,,52.0,52.0
659,合诚之江商务中心,,,,写字楼,西湖,,,,,
660,绿城西溪世纪广场,总价15300(万/套),45000.0, 元/㎡(均价),写字楼,西湖,,15300.0,15300.0,,
661,临平西子国际,,,,写字楼,临平区,,,,,
662,佳源银座,,,,写字楼,拱墅,,,,,
663,绿谷杭州东部创新中心,,,,写字楼,上城,,,,,
664,融信萧山公馆,,,,住宅,萧山,建面 181㎡,,,181.0,181.0
665,交投绿城明珠国际,,,,写字楼,上城,,,,,
666,千岛湖嘉苑,总价162(万/套),14000.0, 元/㎡(均价),住宅,淳安,建面 94-143㎡,162.0,162.0,94.0,143.0
667,德信东望,,,,商业,上城,,,,,
668,赞成首府,,,,商业类,临平区,,,,,
669,钱江西溪和景,总价206(万/套),28000.0, 元/㎡(均价),写字楼,西湖,,206.0,206.0,,
670,融信蓝孔雀,,,,商业,拱墅,,,,,
671,富阳财富中心,总价490(万/套),17500.0, 元/㎡(均价),写字楼,富阳,,490.0,490.0,,
672,昆盛肖邦,,35000.0, 元/㎡(均价),商业,上城,,,,,
673,英冠乐创城,总价409(万/套),32000.0, 元/㎡(均价),商业,萧山,,409.0,409.0,,
674,融信江南学府,,,,住宅,萧山,建面 138-160㎡,,,138.0,160.0
675,保利融信大国璟,,,,住宅,萧山,,,,,
676,万科未来城三期梦溪里,,,,住宅,余杭,,,,,
677,碧桂园天麓府,,,,住宅,萧山,,,,,
678,富春新天地,总价94(万/套),25000.0, 元/㎡(均价),商业类,富阳,建面 36-47㎡,94.0,94.0,36.0,47.0
679,广厦天都城滨沁&沁源公寓,,,,住宅,临平区,建面 90-115㎡,,,90.0,115.0
680,雍和府,,,,商业,上城,,,,,
681,新城香悦公馆,,,,别墅,萧山,,,,,
682,东新府,,,,商业,拱墅,,,,,
683,祥生云浦新语,,,,住宅,西湖,建面 131-142㎡,,,131.0,142.0
684,向江来时代中心,,,,商业,上城,,,,,
685,西溪曼哈顿,,,,商业类,余杭,建面 46-79㎡,,,46.0,79.0
686,华策中心,总价204(万/套),32000.0, 元/㎡(均价),商业类,西湖,建面 51-81㎡,204.0,204.0,51.0,81.0
687,龙湖天钜,,,,住宅,萧山,,,,,
688,万科劝学里,,,,住宅,余杭,,,,,
689,万佳居,,,,商业,余杭,,,,,
690,赞成杭家,,,,商业,临平区,,,,,
691,西溪十九府,总价462(万/套),21000.0, 元/㎡(均价),商业类,西湖,建面 220-355㎡,462.0,462.0,220.0,355.0
692,首开武林8栋,,,,商业,拱墅,,,,,
693,宝嘉誉府,,40000.0, 元/㎡(均价),商业,西湖,,,,,
694,天阳武林邸,总价308(万/套),80000.0, 元/㎡(均价),商业,拱墅,,308.0,308.0,,
695,远洋招商上塘宸章,,,,住宅,拱墅,,,,,
696,禹洲滨澜铭座,,,,住宅,西湖,建面 89-139㎡,,,89.0,139.0
697,旭辉珺悦府,,,,住宅,萧山,建面 89㎡,,,89.0,89.0
698,华瑞晴庐,,,,商业,萧山,,,,,
699,钱塘航空大厦,,35000.0, 元/㎡(均价),商业类,上城,建面 110-140㎡,,,110.0,140.0
700,景瑞阳光城法兰公园,,18960.0, 元/㎡(均价),住宅,临平区,建面 87-150㎡,,,87.0,150.0
701,首开杭州金茂府,,,,住宅,拱墅,建面 125-168㎡,,,125.0,168.0
702,钱江御府,,,,商业,上城,,,,,
703,中欧城,总价70(万/套),15000.0, 元/㎡(均价),商业类,桐庐,建面 47㎡,70.0,70.0,47.0,47.0
704,碧桂园越溪府,,15338.0, 元/㎡(均价),住宅,萧山,建面 121㎡,,,121.0,121.0
705,万科劝学里,,,,商业类,余杭,,,,,
706,西溪智慧健康谷,总价288(万/套),40000.0, 元/㎡(均价),商业,余杭,,288.0,288.0,,
707,越秀亲爱里,,,,商业,上城,,,,,
708,易辰江南大院,总价472(万/套),26587.0, 元/㎡(均价),别墅,临安,建面 138-180㎡,472.0,472.0,138.0,180.0
709,世茂钱塘天誉,,,,住宅,上城,建面 118-200㎡,,,118.0,200.0
710,云山九里,,,,别墅,桐庐,建面 91-220㎡,,,91.0,220.0
711,中南樾府,,,,住宅,余杭,建面 128㎡,,,128.0,128.0
712,绿城桃李春风,总价947(万/套),49861.0, 元/㎡(均价),别墅,临安,建面 145-190㎡,947.0,947.0,145.0,190.0
713,融信公馆arc,,,,住宅,拱墅,建面 135-247㎡,,,135.0,247.0
714,中欧城,总价30(万/套),25000.0, 元/㎡(均价),商业,桐庐,,30.0,30.0,,
715,绿地G合里金宸,,,,商业类,萧山,建面 60㎡,,,60.0,60.0
716,璞玉公馆,总价170(万/套),34000.0, 元/㎡(均价),商业类,上城,建面 48㎡,170.0,170.0,48.0,48.0
717,蓝色春江,总价250(万/套),18000.0, 元/㎡(均价),住宅,桐庐,建面 139-220㎡,250.0,250.0,139.0,220.0
718,中交财富中心,,,,商业类,拱墅,建面 58-145㎡,,,58.0,145.0
719,华瑞中心,总价340(万/套),24000.0, 元/㎡(均价),商业类,萧山,建面 140㎡,340.0,340.0,140.0,140.0
720,合景天銮,,,,住宅,拱墅,,,,,
721,西溪新城市,,,,商业类,西湖,建面 33-50㎡,,,33.0,50.0
722,O纪元,总价193(万/套),45000.0, 元/㎡(均价),商业类,萧山,建面 43-56㎡,193.0,193.0,43.0,56.0
723,阳光银泰城,,,,商业,拱墅,,,,,
724,东方铭楼,总价200(万/套),25000.0, 元/㎡(均价),商业,钱塘区,,200.0,200.0,,
725,临平芳满庭,,,,住宅,临平区,,,,,
726,融创玖樟台,,,,商业,上城,,,,,
727,德信杭州之翼,总价180(万/套),32000.0, 元/㎡(均价),商业类,上城,,180.0,180.0,,
728,西房拱宸外滩,,,,住宅,临平区,建面 89㎡,,,89.0,89.0
729,复地壹中心,总价300(万/套),50000.0, 元/㎡(均价),商业,拱墅,,300.0,300.0,,
730,京港国际,总价755(万/套),36000.0, 元/㎡(均价),商业类,萧山,建面 188-245㎡,755.0,755.0,188.0,245.0
731,力雅广场,总价75(万/套),17500.0, 元/㎡(均价),商业类,桐庐,建面 46㎡,75.0,75.0,46.0,46.0
732,柏悦公馆,,,,商业类,上城,建面 44㎡,,,44.0,44.0
733,朗诗乐府,,42000.0, 元/㎡(均价),住宅,拱墅,,,,,
734,北辰国颂府,,36700.0, 元/㎡(均价),住宅,萧山,,,,,
735,万科融信西雅图,,,,住宅,西湖,建面 89-139㎡,,,89.0,139.0
736,旭辉和昌都会山,,,,商业,萧山,,,,,
737,远洋雁归里,,,,别墅,萧山,,,,,
738,万科智谷,,,,商业类,拱墅,建面 35-66㎡,,,35.0,66.0
739,璞丽东方,,,,住宅,临平区,,,,,
740,绿都汀蘭府,,,,住宅,上城,建面 70-135㎡,,,70.0,135.0
741,融信保利创世纪,,,,住宅,萧山,建面 89-169㎡,,,89.0,169.0
742,星耀星澜之城,,48000.0, 元/㎡(均价),商业类,滨江,,,,,
743,西房余杭公馆,,,,住宅,余杭,建面 89-132㎡,,,89.0,132.0
744,富春硅谷,总价108(万/套),24000.0, 元/㎡(均价),商业类,富阳,建面 45㎡,108.0,108.0,45.0,45.0
745,欧美金融城,,,,写字楼,余杭,,,,,
746,融创富春壹号院,,,,别墅,富阳,,,,,
747,融创东麟府,,,,住宅,萧山,建面 145㎡,,,145.0,145.0
748,融创金成江南府,总价371(万/套),28000.0, 元/㎡(均价),住宅,余杭,建面 147㎡,371.0,371.0,147.0,147.0
749,融创望海潮,,,,住宅,萧山,建面 145㎡,,,145.0,145.0
750,金沙世纪大厦,,,,商业,钱塘区,,,,,
751,中巢起梦公园,,,,商业类,余杭,,,,,
752,阳光城翡丽公园,,,,住宅,萧山,建面 89-108㎡,,,89.0,108.0
753,大都尚澜,200,, (万/套)(总价),住宅,临平区,建面 90㎡,200.0,200.0,90.0,90.0
754,云溪新语,,,,商业类,西湖,,,,,
755,融创宜和园,,,,住宅,拱墅,建面 155-193㎡,,,155.0,193.0
756,信达滨江壹品,,,,住宅,上城,建面 210㎡,,,210.0,210.0
757,龙湖郦城公馆,,,,商业类,滨江,,,,,
758,荣安翡翠半岛,,,,住宅,临平区,,,,,
759,凤起潮鸣,,,,住宅,拱墅,,,,,
760,海上明月澜庭,,,,住宅,萧山,,,,,
761,招商武林郡,,,,住宅,上城,建面 89-129㎡,,,89.0,129.0
762,滨江保利翡翠海岸,,,,住宅,上城,建面 131-219㎡,,,131.0,219.0
763,绿城建发沁园,,,,住宅,西湖,建面 160-165㎡,,,160.0,165.0
764,滨江春盛大江名筑,,15500.0, 元/㎡(均价),别墅,钱塘区,建面 252㎡,,,252.0,252.0
765,绿都云和湖,,,,住宅,西湖,建面 89-128㎡,,,89.0,128.0
766,雨润星雨华府,,,,住宅,临安,建面 89-114㎡,,,89.0,114.0
767,中粮梦栖祥云,,,,住宅,余杭,建面 89-142㎡,,,89.0,142.0
768,招商越秀公园1872,总价525(万/套),42310.0, 元/㎡(均价),住宅,上城,建面 114-158㎡,525.0,525.0,114.0,158.0
769,中海钱江湾,总价760(万/套),47000.0, 元/㎡(均价),住宅,上城,建面 138㎡,760.0,760.0,138.0,138.0
770,阳光城未来悦MAX,,,,住宅,余杭,建面 90-160㎡,,,90.0,160.0
771,和家园雍园,,,,住宅,西湖,建面 167-240㎡,,,167.0,240.0
772,龙湖天璞,,,,住宅,萧山,,,,,
773,钱江彩虹府,,,,住宅,西湖,,,,,
774,佳源湘湖印象,总价609(万/套),32064.0, 元/㎡(均价),别墅,萧山,建面 202㎡,609.0,609.0,202.0,202.0
775,汇高栢悦中心,,,,住宅,临平区,,,,,
776,旭辉宝龙东湖城,,,,住宅,钱塘区,建面 83-139㎡,,,83.0,139.0
777,旭辉宝龙东湖城,,,,别墅,钱塘区,建面 139-169㎡,,,139.0,169.0
778,都会艺境,,,,住宅,萧山,,,,,
779,绿城九龙仓桂语江南,,,,住宅,萧山,,,,,
780,海威新界,,,,商业类,滨江,,,,,
781,保亿绿城奥邸国际,总价670(万/套),45000.0, 元/㎡(均价),商业类,萧山,建面 149-222㎡,670.0,670.0,149.0,222.0
782,中旅名门府,465,, (万/套)(总价),住宅,萧山,建面 139-169㎡,465.0,465.0,139.0,169.0
783,阳光城檀悦,,,,住宅,萧山,,,,,
784,金辉贤林信步,,,,住宅,余杭,,,,,
785,旭辉和昌都会山,,,,商业类,萧山,,,,,
786,中赢云际,总价235(万/套),46000.0, 元/㎡(均价),商业类,滨江,建面 50-57㎡,235.0,235.0,50.0,57.0
787,迪凯城星国际,,47000.0, 元/㎡(均价),写字楼,上城,,,,,
788,中旅紫金名门,,,,商业,西湖,,,,,
789,都会艺境,,30000.0, 元/㎡(均价),商业,萧山,,,,,
790,都会艺境,,33500.0, 元/㎡(均价),商业类,萧山,,,,,
791,远洋雁归里,,,,住宅,萧山,,,,,
792,保亿中心,,30000.0, 元/㎡(均价),写字楼,萧山,,,,,
793,中天珺府,总价235(万/套),23380.0, 元/㎡(均价),住宅,临安,建面 100㎡,235.0,235.0,100.0,100.0
794,通策状元府,,,,商业类,临安,,,,,
795,德信大江源著,,,,别墅,钱塘区,,,,,
796,杭州壹号院,总价822(万/套),48100.0, 元/㎡(均价),住宅,滨江,建面 267-333㎡,822.0,822.0,267.0,333.0
797,佳源湘湖印象,总价179(万/套),20000.0, 元/㎡(均价),住宅,萧山,建面 86-128㎡,179.0,179.0,86.0,128.0
798,融创微风之城,总价107(万/套),11800.0, 元/㎡(均价),住宅,富阳,建面 91㎡,107.0,107.0,91.0,91.0
799,融创金成十锦台,总价214(万/套),20000.0, 元/㎡(均价),住宅,临安,建面 125-138㎡,214.0,214.0,125.0,138.0
800,东原印未来,,,,住宅,余杭,,,,,
801,英冠乐创城,,,,写字楼,萧山,,,,,
802,杭州中央车站广场,总价252(万/套),35000.0, 元/㎡(均价),商业类,上城,建面 65㎡,252.0,252.0,65.0,65.0
803,保利融信大国璟,,,,别墅,萧山,,,,,
804,宋都新宸悦府,,,,住宅,钱塘区,,,,,
805,苕溪壹号,总价290(万/套),21500.0, 元/㎡(均价),住宅,临安,建面 143㎡,290.0,290.0,143.0,143.0
806,宋都江宸府,,,,住宅,富阳,,,,,
807,富力西溪悦居,,,,商业,余杭,,,,,
808,保利中心,总价4428(万/套),29000.0, 元/㎡(均价),写字楼,上城,,4428.0,4428.0,,
809,南北盛德国际,,,,写字楼,余杭,,,,,
810,众安学君里,,,,商业,余杭,,,,,
811,旭辉东原吴越府,总价216(万/套),16000.0, 元/㎡(均价),别墅,临安,建面 165-186㎡,216.0,216.0,165.0,186.0
812,万固观澜府,195,, (万/套)(总价),住宅,建德,建面 98-154㎡,195.0,195.0,98.0,154.0
813,临平芳满庭,,,,商业类,临平区,,,,,
814,星南站,总价102(万/套),27500.0, 元/㎡(均价),商业类,萧山,建面 35-39㎡,102.0,102.0,35.0,39.0
815,居艺空间,总价220(万/套),35000.0, 元/㎡(均价),商业,钱塘区,,220.0,220.0,,
816,大江东宝龙广场,,15000.0, 元/㎡(均价),别墅,钱塘区,,,,,
817,西溪永乐城,总价127(万/套),21000.0, 元/㎡(均价),商业类,余杭,建面 40-55㎡,127.0,127.0,40.0,55.0
818,海威新界,,,,商业,滨江,,,,,
819,运河公馆,总价172(万/套),30000.0, 元/㎡(均价),商业,拱墅,,172.0,172.0,,
820,运河公馆,,,,商业类,拱墅,建面 60-120㎡,,,60.0,120.0
821,绿城桃源小镇,总价976(万/套),43000.0, 元/㎡(均价),别墅,余杭,建面 208-236㎡,976.0,976.0,208.0,236.0
822,绿城雄凯国际,总价145(万/套),37000.0, 元/㎡(均价),商业类,萧山,建面 40㎡,145.0,145.0,40.0,40.0
823,龙湖西溪天街,,,,商业类,西湖,建面 38-68㎡,,,38.0,68.0
824,理想世纪金座,总价127(万/套),26000.0, 元/㎡(均价),商业类,临平区,建面 49-72㎡,127.0,127.0,49.0,72.0
825,新城璟隽公馆,总价350(万/套),32000.0, 元/㎡(均价),住宅,萧山,建面 89-129㎡,350.0,350.0,89.0,129.0
826,联发藏珑玉墅,,,,住宅,余杭,建面 89-127㎡,,,89.0,127.0
827,联发藏珑玉墅,,,,别墅,余杭,建面 140-175㎡,,,140.0,175.0
828,北大资源颐和江南,314,, (万/套)(总价),住宅,余杭,建面 89-136㎡,314.0,314.0,89.0,136.0
829,滨江江南名府,总价290(万/套),31000.0, 元/㎡(均价),住宅,萧山,建面 90-115㎡,290.0,290.0,90.0,115.0
830,保亿绿城奥邸国际,1400,, (万/套)(总价),商业,萧山,,1400.0,1400.0,,
831,蒲公英天地,总价280(万/套),26000.0, 元/㎡(均价),商业,钱塘区,,280.0,280.0,,
832,青枫墅园,总价1400(万/套),33333.0, 元/㎡(均价),别墅,余杭,建面 459㎡,1400.0,1400.0,459.0,459.0
833,和昌云栖玖著,,,,住宅,富阳,建面 89-121㎡,,,89.0,121.0
834,新西湖小镇,,,,住宅,余杭,建面 119-175㎡,,,119.0,175.0
835,南岸晶都花园,950,, (万/套)(总价),商业,滨江,,950.0,950.0,,
836,旭辉珺悦府,,,,底商,萧山,,,,,
837,朝阳银座,总价200(万/套),13000.0, 元/㎡(均价),底商,萧山,,200.0,200.0,,
838,保利融信大国璟,,,,底商,萧山,,,,,
839,融创微风之城,总价308(万/套),18000.0, 元/㎡(均价),别墅,富阳,建面 146㎡,308.0,308.0,146.0,146.0
840,茂宸金座,总价240(万/套),40000.0, 元/㎡(均价),商业类,上城,建面 58-135㎡,240.0,240.0,58.0,135.0
841,奥克斯缔逸城,总价371(万/套),29500.0, 元/㎡(均价),底商,余杭,,371.0,371.0,,
842,翡翠城三期,,,,住宅,余杭,建面 135-180㎡,,,135.0,180.0
843,绿城杨柳郡,总价200(万/套),35377.0, 元/㎡(均价),住宅,上城,建面 107㎡,200.0,200.0,107.0,107.0
844,绿城桃李春风,总价200(万/套),28600.0, 元/㎡(均价),住宅,临安,建面 81-118㎡,200.0,200.0,81.0,118.0
845,绿城之江1号,,,,住宅,西湖,建面 450㎡,,,450.0,450.0
846,绿城九龙仓钱塘明月,,,,住宅,萧山,,,,,
847,中栋国际,总价231(万/套),23000.0, 元/㎡(均价),写字楼,萧山,,231.0,231.0,,
848,上坤山语四季,,,,住宅,临平区,建面 89-129㎡,,,89.0,129.0
849,宋都麓宸府,总价303(万/套),24200.0, 元/㎡(均价),住宅,富阳,建面 125-172㎡,303.0,303.0,125.0,172.0
850,阳光城丽景湾,,,,住宅,富阳,,,,,
851,糖朝,总价125(万/套),35000.0, 元/㎡(均价),商业类,萧山,建面 32-62㎡,125.0,125.0,32.0,62.0
852,碧桂园玖晟府,总价206(万/套),17000.0, 元/㎡(均价),住宅,临安,建面 90-140㎡,206.0,206.0,90.0,140.0
853,东方文化园步行街,总价60(万/套),40000.0, 元/㎡(均价),商业,萧山,,60.0,60.0,,
854,成龙官山邸,总价608(万/套),19016.0, 元/㎡(均价),别墅,临安,建面 278-395㎡,608.0,608.0,278.0,395.0
855,杭钢尚堂府,总价280(万/套),28000.0, 元/㎡(均价),底商,拱墅,,280.0,280.0,,
856,富力十号一期,,,,底商,余杭,,,,,
857,万科智谷,,,,底商,拱墅,,,,,
858,杭州嘉里中心,,,,商业,拱墅,,,,,
859,中骏柏景湾,总价153(万/套),19777.0, 元/㎡(均价),住宅,临安,建面 89-129㎡,153.0,153.0,89.0,129.0
860,振泽左右办公世界,总价1280(万/套),32000.0, 元/㎡(均价),写字楼,萧山,,1280.0,1280.0,,
861,德信浙旅天空之翼,252,, (万/套)(总价),住宅,钱塘区,建面 89-128㎡,252.0,252.0,89.0,128.0
862,旭辉东原吴越府,,18500.0, 元/㎡(均价),住宅,临安,建面 97-139㎡,,,97.0,139.0
863,大家金钰府,总价184-236(万/套),19800.0, 元/㎡(均价),住宅,富阳,建面 93-119㎡,184.0,236.0,93.0,119.0
864,临安宝龙广场,总价163(万/套),18000.0, 元/㎡(均价),住宅,临安,建面 89-130㎡,163.0,163.0,89.0,130.0
865,城中府,总价157(万/套),16700.0, 元/㎡(均价),住宅,临安,建面 93-136㎡,157.0,157.0,93.0,136.0
866,天阳蓝光蔚蓝,总价229(万/套),18500.0, 元/㎡(均价),住宅,临安,建面 124-129㎡,229.0,229.0,124.0,129.0
867,国能悦玺台,总价231(万/套),17536.0, 元/㎡(均价),住宅,临安,建面 89-139㎡,231.0,231.0,89.0,139.0
868,绿城国际社区,总价148(万/套),16500.0, 元/㎡(均价),住宅,临安,建面 90-140㎡,148.0,148.0,90.0,140.0
869,中天富春诚品二期,,,,住宅,富阳,,,,,
870,群升星河印象中心,总价70(万/套),13000.0, 元/㎡(均价),商业类,临平区,建面 34-55㎡,70.0,70.0,34.0,55.0
871,千岛湖雨润星雨华府,总价98(万/套),13500.0, 元/㎡(均价),住宅,淳安,建面 82-115㎡,98.0,98.0,82.0,115.0
872,宋都相贤府,464,, (万/套)(总价),别墅,钱塘区,建面 158-167㎡,464.0,464.0,158.0,167.0
873,万锦花苑,总价187(万/套),20000.0, 元/㎡(均价),住宅,海宁市,建面 89-115㎡,187.0,187.0,89.0,115.0
874,万科潮起东方,总价185(万/套),21500.0, 元/㎡(均价),住宅,海宁市,建面 108-120㎡,185.0,185.0,108.0,120.0
875,金地玖峯汇,总价303(万/套),34028.0, 元/㎡(均价),住宅,上城,建面 114-128㎡,303.0,303.0,114.0,128.0
876,万科潮起东方,550,, (万/套)(总价),别墅,海宁市,建面 148㎡,550.0,550.0,148.0,148.0
877,运河万科中心,总价126(万/套),30000.0, 元/㎡(均价),商业类,拱墅,建面 37-42㎡,126.0,126.0,37.0,42.0
878,金地玖峯汇,总价667(万/套),46000.0, 元/㎡(均价),别墅,上城,建面 145-155㎡,667.0,667.0,145.0,155.0
879,保利融信和光尘樾,总价233(万/套),25909.0, 元/㎡(均价),住宅,余杭,建面 89-116㎡,233.0,233.0,89.0,116.0
880,越秀湖山悦,总价160(万/套),18000.0, 元/㎡(均价),住宅,临安,建面 95-165㎡,160.0,160.0,95.0,165.0
881,合景天誉,546,, (万/套)(总价),住宅,萧山,建面 125-190㎡,546.0,546.0,125.0,190.0
882,星耀中心,总价310(万/套),42000.0, 元/㎡(均价),商业类,滨江,建面 54-70㎡,310.0,310.0,54.0,70.0
883,阳光城拱宸府,,,,住宅,拱墅,建面 136-210㎡,,,136.0,210.0
884,和昌云栖玖著,,,,别墅,富阳,建面 126-195㎡,,,126.0,195.0
885,金地滨江万科悦虹湾,,,,别墅,萧山,建面 140-150㎡,,,140.0,150.0
886,金科博翠碧蓝湾,总价444(万/套),40400.0, 元/㎡(均价),住宅,上城,建面 110-138㎡,444.0,444.0,110.0,138.0
887,资辉壹方汇,129,, (万/套)(总价),商业类,拱墅,建面 33-56㎡,129.0,129.0,33.0,56.0
888,金辉久尚云筑,,,,住宅,临平区,建面 97-122㎡,,,97.0,122.0
889,中梁申花百悦公馆,总价148(万/套),40000.0, 元/㎡(均价),商业类,拱墅,建面 36㎡,148.0,148.0,36.0,36.0
890,前湾江上湾,总价574(万/套),28500.0, 元/㎡(均价),住宅,萧山,建面 105-190㎡,574.0,574.0,105.0,190.0
891,融创江南壹号院,总价266(万/套),28800.0, 元/㎡(均价),住宅,萧山,建面 103-233㎡,266.0,266.0,103.0,233.0
892,龙湖璟宸府,总价750(万/套),49800.0, 元/㎡(均价),别墅,上城,建面 166-174㎡,750.0,750.0,166.0,174.0
893,恒伟科技园,总价48(万/套),11950.0, 元/㎡(均价),商业类,临安,建面 40㎡,48.0,48.0,40.0,40.0
894,龙湖璟宸府,总价780(万/套),45000.0, 元/㎡(均价),住宅,上城,建面 139㎡,780.0,780.0,139.0,139.0
895,时代滨江翡翠之星,总价354(万/套),39800.0, 元/㎡(均价),住宅,萧山,建面 89㎡,354.0,354.0,89.0,89.0
896,汇铂金座,总价120(万/套),33000.0, 元/㎡(均价),商业类,上城,建面 33-65㎡,120.0,120.0,33.0,65.0
897,宝龙旭辉城,总价187(万/套),19781.0, 元/㎡(均价),住宅,临安,建面 95-142㎡,187.0,187.0,95.0,142.0
898,首开杭州金茂府,,,,别墅,拱墅,建面 202-214㎡,,,202.0,214.0
899,龙湖江与城,158,, (万/套)(总价),住宅,钱塘区,建面 89-122㎡,158.0,158.0,89.0,122.0
900, 融信远洋厘望,,,,住宅,拱墅,建面 136-151㎡,,,136.0,151.0
901,天城府天著,总价209(万/套),34800.0, 元/㎡(均价),住宅,上城,建面 85-139㎡,209.0,209.0,85.0,139.0
902,宋都如意春江,总价223(万/套),17200.0, 元/㎡(均价),别墅,富阳,建面 128-136㎡,223.0,223.0,128.0,136.0
903,碧桂园中梁凤鸣公馆,总价212(万/套),17000.0, 元/㎡(均价),住宅,临安,建面 118-138㎡,212.0,212.0,118.0,138.0
904,春天学府,总价242(万/套),18500.0, 元/㎡(均价),住宅,临安,建面 72-141㎡,242.0,242.0,72.0,141.0
905,融创金成臻蓝府,,,,住宅,拱墅,建面 101-149㎡,,,101.0,149.0
906,银城云谷天境,,,,住宅,西湖,建面 89-129㎡,,,89.0,129.0
907,湖滨外滩,总价174(万/套),19592.0, 元/㎡(均价),住宅,临安,建面 85-132㎡,174.0,174.0,85.0,132.0
908,锦上桃源,总价135(万/套),33000.0, 元/㎡(均价),商业类,拱墅,建面 34-41㎡,135.0,135.0,34.0,41.0
909,杭佑名座,总价140(万/套),28000.0, 元/㎡(均价),商业类,萧山,建面 50㎡,140.0,140.0,50.0,50.0
910,杭州大家,,,,住宅,拱墅,建面 138-170㎡,,,138.0,170.0
911,德信九溪云庄,,,,住宅,西湖,建面 142㎡,,,142.0,142.0
912,德信金茂佳源府,总价335(万/套),25200.0, 元/㎡(均价),住宅,萧山,建面 89-147㎡,335.0,335.0,89.0,147.0
913,御东方,,,,住宅,上城,建面 98-138㎡,,,98.0,138.0
914,东原旭辉璞阅,310,, (万/套)(总价),住宅,萧山,建面 89-135㎡,310.0,310.0,89.0,135.0
915,东原旭辉璞阅,639,, (万/套)(总价),别墅,萧山,建面 145㎡,639.0,639.0,145.0,145.0
916,金地广场,,,,商业,余杭,,,,,
917,滨江东方海岸(萧山),总价160(万/套),18000.0, 元/㎡(均价),商业类,萧山,建面 49-125㎡,160.0,160.0,49.0,125.0
918,中海云宸,总价653(万/套),47000.0, 元/㎡(均价),住宅,滨江,建面 139㎡,653.0,653.0,139.0,139.0
919,德信九溪云庄,,,,别墅,西湖,,,,,
920,保利滨江上品,,,,住宅,上城,建面 125-239㎡,,,125.0,239.0
921,都会风华,总价450(万/套),45800.0, 元/㎡(均价),住宅,上城,建面 119-139㎡,450.0,450.0,119.0,139.0
922,绿地艺尚府,196,, (万/套)(总价),住宅,临平区,建面 89-120㎡,196.0,196.0,89.0,120.0
923,融信旭辉湘湖悦章,总价350(万/套),25200.0, 元/㎡(均价),住宅,萧山,建面 96-139㎡,350.0,350.0,96.0,139.0
924,大家栖溪,总价190(万/套),16300.0, 元/㎡(均价),住宅,临安,建面 89-125㎡,190.0,190.0,89.0,125.0
925,旭辉中粮朗香郡,总价260(万/套),19308.0, 元/㎡(均价),住宅,临安,建面 98-143㎡,260.0,260.0,98.0,143.0
926,荣安柳岸闻莺,,,,别墅,临平区,建面 177-235㎡,,,177.0,235.0
927,新湖菲林山,,,,别墅,余杭,建面 220-300㎡,,,220.0,300.0
928,新希望滨江锦粼府,总价378(万/套),29000.0, 元/㎡(均价),住宅,萧山,建面 89-118㎡,378.0,378.0,89.0,118.0
929,融信旭辉湘湖悦章,总价586(万/套),33500.0, 元/㎡(均价),别墅,萧山,建面 159-162㎡,586.0,586.0,159.0,162.0
930,保亿湘湖和院,320,, (万/套)(总价),住宅,萧山,建面 128-168㎡,320.0,320.0,128.0,168.0
931,瑞城熙园,,,,别墅,余杭,建面 163-190㎡,,,163.0,190.0
932,九龙仓雍景山,总价137(万/套),13200.0, 元/㎡(均价),住宅,富阳,建面 95-139㎡,137.0,137.0,95.0,139.0
933,融创江南壹号院,769,, (万/套)(总价),别墅,萧山,建面 171-209㎡,769.0,769.0,171.0,209.0
934,杭州江山风华,424,, (万/套)(总价),别墅,临平区,建面 150㎡,424.0,424.0,150.0,150.0
935,融创金成十锦台,总价365(万/套),24866.0, 元/㎡(均价),别墅,临安,建面 147-173㎡,365.0,365.0,147.0,173.0
936,荣安柳岸闻莺,,,,住宅,临平区,建面 108-139㎡,,,108.0,139.0
937,宋都相贤府,,13200.0, 元/㎡(均价),住宅,钱塘区,,,,,
938,阳光城上林湖,总价315(万/套),25500.0, 元/㎡(均价),别墅,富阳,建面 140㎡,315.0,315.0,140.0,140.0
939,嘻游城,53,, (万/套)(总价),商业,富阳,,53.0,53.0,,
940,保亿湘湖和院,总价1113(万/套),50600.0, 元/㎡(均价),别墅,萧山,建面 220-253㎡,1113.0,1113.0,220.0,253.0
941,杭房揽翠,总价232(万/套),40000.0, 元/㎡(均价),商业类,西湖,建面 45-75㎡,232.0,232.0,45.0,75.0
942,越秀景瑞悦见山,,,,别墅,临平区,建面 135-138㎡,,,135.0,138.0
943,龙湖春江天越,总价253(万/套),27205.0, 元/㎡(均价),住宅,钱塘区,建面 139-167㎡,253.0,253.0,139.0,167.0
944,风荷锦庭,总价182(万/套),20300.0, 元/㎡(均价),住宅,萧山,建面 95-125㎡,182.0,182.0,95.0,125.0
945,众安学君里,,,,别墅,余杭,建面 185㎡,,,185.0,185.0
946,绿城云栖桃花源,总价135(万/套),15000.0, 元/㎡(均价),住宅,富阳,建面 135㎡,135.0,135.0,135.0,135.0
947,富力新线公园,,,,商业,余杭,,,,,
948,万科大溪谷,,,,别墅,余杭,建面 132-255㎡,,,132.0,255.0
949,祥生绿都京杭府,,,,住宅,临平区,建面 93-160㎡,,,93.0,160.0
950,祥生绿都京杭府,,,,别墅,临平区,建面 150-180㎡,,,150.0,180.0
951,领航城,,,,别墅,萧山,建面 189-224㎡,,,189.0,224.0
952,浙大网新银湖科技园,总价308(万/套),13500.0, 元/㎡(均价),写字楼,富阳,,308.0,308.0,,
953,恒伟科技园,总价66(万/套),15300.0, 元/㎡(均价),住宅,临安,建面 40-112㎡,66.0,66.0,40.0,112.0
954,风荷锦庭,总价300(万/套),23400.0, 元/㎡(均价),别墅,萧山,建面 137㎡,300.0,300.0,137.0,137.0
955,中天万科启宸,总价204(万/套),21000.0, 元/㎡(均价),住宅,临安,建面 97-130㎡,204.0,204.0,97.0,130.0
956,路劲远洋江南院子,,,,住宅,临平区,建面 88-125㎡,,,88.0,125.0
957,路劲远洋江南院子,,,,别墅,临平区,建面 139㎡,,,139.0,139.0
958,绿城和庐,总价1197(万/套),55200.0, 元/㎡(均价),别墅,余杭,建面 200-230㎡,1197.0,1197.0,200.0,230.0
959,浙大网新银湖科技园,总价88(万/套),21000.0, 元/㎡(均价),商业类,富阳,建面 42㎡,88.0,88.0,42.0,42.0
960,绿地华家池印,总价2408(万/套),70823.0, 元/㎡(均价),别墅,上城,建面 340㎡,2408.0,2408.0,340.0,340.0
961,旭辉东原国滨府,总价178(万/套),34000.0, 元/㎡(均价),商业类,萧山,建面 52-60㎡,178.0,178.0,52.0,60.0
962,恒大林溪郡,总价135(万/套),12000.0, 元/㎡(均价),住宅,建德,建面 118-122㎡,135.0,135.0,118.0,122.0
963,恒大林溪郡,总价200(万/套),13000.0, 元/㎡(均价),别墅,建德,建面 140-175㎡,200.0,200.0,140.0,175.0
964,海伦堡棠锦,,,,商业,余杭,,,,,
965,印象新城,,,,商业类,建德,,,,,
966,和谐江和城,376,, (万/套)(总价),别墅,建德,,376.0,376.0,,
967,万科海上明月,,,,商业,萧山,,,,,
968,万科君望,总价236(万/套),16800.0, 元/㎡(均价),住宅,富阳,建面 108-139㎡,236.0,236.0,108.0,139.0
969,雅棠轩,总价417(万/套),30000.0, 元/㎡(均价),住宅,萧山,建面 129-139㎡,417.0,417.0,129.0,139.0
970,德信市心府,920,, (万/套)(总价),别墅,萧山,建面 196㎡,920.0,920.0,196.0,196.0
971,德信市心府,261,, (万/套)(总价),住宅,萧山,建面 89-115㎡,261.0,261.0,89.0,115.0
972,东哲云邸,,29000.0, 元/㎡(均价),商业类,余杭,建面 36㎡,,,36.0,36.0
973,蓝城春风燕语,总价372(万/套),22874.0, 元/㎡(均价),别墅,临安,建面 146-200㎡,372.0,372.0,146.0,200.0
974,万科西望,总价214(万/套),20000.0, 元/㎡(均价),住宅,临安,建面 102-139㎡,214.0,214.0,102.0,139.0
975,奥克斯时代未来之城,,,,商业,余杭,,,,,
976,佳源西溪印象,,,,别墅,余杭,建面 115-168㎡,,,115.0,168.0
977,融创宜和园,,,,别墅,拱墅,建面 227-265㎡,,,227.0,265.0
978,国开东方凤凰台,,,,别墅,余杭,建面 148-178㎡,,,148.0,178.0
979,碧桂园望江台,,,,住宅,建德,建面 98-132㎡,,,98.0,132.0
980,金茂首开国樾,总价729(万/套),48600.0, 元/㎡(均价),住宅,拱墅,建面 118-150㎡,729.0,729.0,118.0,150.0
981,中锐招商星未来,,,,住宅,余杭,建面 90-140㎡,,,90.0,140.0
982,西溪曼哈顿,,,,商业,余杭,,,,,
983,金地风华东方,,,,住宅,桐庐,建面 127㎡,,,127.0,127.0
984,银城云谷天境,总价451(万/套),34749.0, 元/㎡(均价),别墅,西湖,建面 131-167㎡,451.0,451.0,131.0,167.0
985,万科西望,总价533(万/套),30412.0, 元/㎡(均价),别墅,临安,建面 184㎡,533.0,533.0,184.0,184.0
986,绿都鉴未来,,,,住宅,余杭,建面 89-120㎡,,,89.0,120.0
987,绿都鉴未来,,,,别墅,余杭,建面 119-133㎡,,,119.0,133.0
988,湖滨外滩,总价568(万/套),21201.0, 元/㎡(均价),别墅,临安,建面 268㎡,568.0,568.0,268.0,268.0
989,富景都会公寓,总价200(万/套),21000.0, 元/㎡(均价),住宅,富阳,建面 95-135㎡,200.0,200.0,95.0,135.0
990,北城芳满庭,总价162(万/套),20000.0, 元/㎡(均价),住宅,余杭,建面 89-139㎡,162.0,162.0,89.0,139.0
991,星光荟,总价110(万/套),21000.0, 元/㎡(均价),商业类,西湖,建面 49-75㎡,110.0,110.0,49.0,75.0
992,北城芳满庭,总价472(万/套),34000.0, 元/㎡(均价),别墅,余杭,建面 139-240㎡,472.0,472.0,139.0,240.0
993,随塘,总价236(万/套),22500.0, 元/㎡(均价),住宅,临平区,建面 105-128㎡,236.0,236.0,105.0,128.0
994,易辰江南大院,总价186(万/套),15000.0, 元/㎡(均价),住宅,临安,建面 125㎡,186.0,186.0,125.0,125.0
995,富力御江山小区,,,,别墅,建德,建面 137㎡,,,137.0,137.0
996,杭州江山风华,173,, (万/套)(总价),住宅,临平区,建面 78-126㎡,173.0,173.0,78.0,126.0
997,随塘,总价412(万/套),33000.0, 元/㎡(均价),别墅,临平区,建面 125-155㎡,412.0,412.0,125.0,155.0
998,旭辉东原国滨府,,,,住宅,萧山,建面 139-179㎡,,,139.0,179.0
999,滨江新希望拥潮府,346,, (万/套)(总价),住宅,萧山,建面 91-139㎡,346.0,346.0,91.0,139.0
1000,兴耀锦里,,,,商业类,临平区,建面 33-68㎡,,,33.0,68.0
1001,合景天誉,994,, (万/套)(总价),别墅,萧山,建面 202-228㎡,994.0,994.0,202.0,228.0
1002,武林之光,,,,商业类,拱墅,建面 45-54㎡,,,45.0,54.0
1003,祥生云境,总价530(万/套),38600.0, 元/㎡(均价),住宅,西湖,建面 105-140㎡,530.0,530.0,105.0,140.0
1004,祥生云境,,,,别墅,西湖,建面 157-182㎡,,,157.0,182.0
1005,金成英特尔湾,,,,住宅,余杭,建面 89-139㎡,,,89.0,139.0
1006,城镇依山郡,总价72(万/套),14000.0, 元/㎡(均价),住宅,临安,建面 48-136㎡,72.0,72.0,48.0,136.0
1007,万锦花苑,300,, (万/套)(总价),别墅,海宁市,建面 140-160㎡,300.0,300.0,140.0,160.0
1008,雍澜府,总价194(万/套),20500.0, 元/㎡(均价),住宅,临平区,建面 95-128㎡,194.0,194.0,95.0,128.0
1009,保利澄品,总价624(万/套),47768.0, 元/㎡(均价),住宅,萧山,建面 127-198㎡,624.0,624.0,127.0,198.0
1010,景瑞镜溪绿汀,总价855(万/套),46500.0, 元/㎡(均价),别墅,余杭,建面 184-199㎡,855.0,855.0,184.0,199.0
1011,滨江金地御品,,,,住宅,上城,建面 116-191㎡,,,116.0,191.0
1012,中梁云玺,,,,住宅,西湖,建面 89㎡,,,89.0,89.0
1013,新希望滨江锦宸,361,, (万/套)(总价),住宅,萧山,建面 95-129㎡,361.0,361.0,95.0,129.0
1014,中交理想时代芳华,,,,住宅,临平区,建面 89-118㎡,,,89.0,118.0
1015,中交理想时代芳华,,,,别墅,临平区,建面 179-200㎡,,,179.0,200.0
1016,滨江春盛大江名筑,总价214(万/套),14000.0, 元/㎡(均价),住宅,钱塘区,建面 143-178㎡,214.0,214.0,143.0,178.0
1017,联发藏珑大境,,,,住宅,余杭,建面 95-127㎡,,,95.0,127.0
1018,联发藏珑大境,总价684(万/套),45000.0, 元/㎡(均价),别墅,余杭,建面 123-204㎡,684.0,684.0,123.0,204.0
1019,云悦湾,总价520(万/套),52000.0, 元/㎡(均价),底商,上城,,520.0,520.0,,
1020,天阳云栖梅林,总价275(万/套),21500.0, 元/㎡(均价),住宅,桐庐,建面 117-128㎡,275.0,275.0,117.0,128.0
1021,天阳云栖梅林,总价450(万/套),31000.0, 元/㎡(均价),别墅,桐庐,建面 154㎡,450.0,450.0,154.0,154.0
1022,华联钱塘公馆,总价2500(万/套),90000.0, 元/㎡(均价),商业类,上城,,2500.0,2500.0,,
1023,宋都如意溪湖,总价162(万/套),18000.0, 元/㎡(均价),住宅,临安,建面 89-130㎡,162.0,162.0,89.0,130.0
1024,越秀星悦城,总价444(万/套),28681.0, 元/㎡(均价),别墅,临安,建面 155㎡,444.0,444.0,155.0,155.0
1025,美晟府,总价164(万/套),16500.0, 元/㎡(均价),住宅,临安,建面 97-139㎡,164.0,164.0,97.0,139.0
1026,融信远洋厘望,2026,, (万/套)(总价),别墅,拱墅,建面 183-247㎡,2026.0,2026.0,183.0,247.0
1027,中庆润泽院,总价191(万/套),21000.0, 元/㎡(均价),住宅,富阳,建面 93㎡,191.0,191.0,93.0,93.0
1028,奥克斯金宸玖和府,总价803(万/套),48700.0, 元/㎡(均价),别墅,萧山,建面 165-179㎡,803.0,803.0,165.0,179.0
1029,万象上东,,,,住宅,上城,,,,,
1030,绿都金科和宁文华府,总价469(万/套),40800.0, 元/㎡(均价),住宅,拱墅,建面 105-139㎡,469.0,469.0,105.0,139.0
1031,奥克斯时代未来之城,,,,住宅,余杭,,,,,
1032,中旅名门府新境,总价323(万/套),34200.0, 元/㎡(均价),住宅,萧山,建面 96-177㎡,323.0,323.0,96.0,177.0
1033,世茂璀璨澜宸,总价281(万/套),29000.0, 元/㎡(均价),住宅,余杭,建面 97-126㎡,281.0,281.0,97.0,126.0
1034,中国中铁溪畔云璟府,总价183(万/套),21300.0, 元/㎡(均价),住宅,富阳,建面 98-126㎡,183.0,183.0,98.0,126.0
1035,融创东麟府,总价170(万/套),25000.0, 元/㎡(均价),底商,萧山,,170.0,170.0,,
1036,云潮府,总价360(万/套),33000.0, 元/㎡(均价),住宅,萧山,建面 122-144㎡,360.0,360.0,122.0,144.0
1037,汉港武林汇,,,,商业,拱墅,,,,,
1038,阳光城山水悦江府,总价211(万/套),22000.0, 元/㎡(均价),住宅,富阳,建面 96-144㎡,211.0,211.0,96.0,144.0
1039,保亿麓语湖苑,总价153(万/套),18962.0, 元/㎡(均价),住宅,临安,建面 85-127㎡,153.0,153.0,85.0,127.0
1040,龙湖武林上城,总价269(万/套),30200.0, 元/㎡(均价),住宅,上城,建面 89-139㎡,269.0,269.0,89.0,139.0
1041,凤起钱潮,总价1033(万/套),72000.0, 元/㎡(均价),住宅,上城,建面 137-175㎡,1033.0,1033.0,137.0,175.0
1042,绿地亚洲公园,总价191(万/套),18200.0, 元/㎡(均价),住宅,临安,建面 89-108㎡,191.0,191.0,89.0,108.0
1043,德信时代公馆,总价445(万/套),26200.0, 元/㎡(均价),别墅,钱塘区,建面 160-180㎡,445.0,445.0,160.0,180.0
1044,贤辰府,总价143(万/套),12500.0, 元/㎡(均价),住宅,富阳,建面 115-132㎡,143.0,143.0,115.0,132.0
1045,新视界公寓,总价260(万/套),20800.0, 元/㎡(均价),住宅,富阳,建面 95-125㎡,260.0,260.0,95.0,125.0
1046,奥克斯金宸玖和府,总价485(万/套),35000.0, 元/㎡(均价),住宅,萧山,建面 139㎡,485.0,485.0,139.0,139.0
1047,世宸名府,总价406(万/套),29700.0, 元/㎡(均价),住宅,萧山,建面 89-137㎡,406.0,406.0,89.0,137.0
1048,世宸名府,总价880(万/套),53000.0, 元/㎡(均价),别墅,萧山,建面 166㎡,880.0,880.0,166.0,166.0
1049,世宸名府,总价110(万/套),28000.0, 元/㎡(均价),商业类,萧山,建面 38㎡,110.0,110.0,38.0,38.0
1050,德信时代公馆,总价180(万/套),21200.0, 元/㎡(均价),住宅,钱塘区,建面 96-105㎡,180.0,180.0,96.0,105.0
1051,龙湖葛洲坝景粼天著,总价1104(万/套),58000.0, 元/㎡(均价),别墅,上城,建面 180-200㎡,1104.0,1104.0,180.0,200.0
1052,四季都会,总价185(万/套),20800.0, 元/㎡(均价),住宅,临平区,建面 89-125㎡,185.0,185.0,89.0,125.0
1053,秋实宸悦,,,,住宅,临平区,建面 93-128㎡,,,93.0,128.0
1054,融信空港澜天,总价233(万/套),22900.0, 元/㎡(均价),住宅,萧山,建面 102-116㎡,233.0,233.0,102.0,116.0
1055,时代滨江悦,总价600(万/套),42000.0, 元/㎡(均价),住宅,滨江,建面 125-139㎡,600.0,600.0,125.0,139.0
1056,华侨城芳菲与城,总价650(万/套),41000.0, 元/㎡(均价),别墅,上城,,650.0,650.0,,
1057,远洋路劲上河宸章,,,,住宅,临平区,建面 88-118㎡,,,88.0,118.0
1058,远洋路劲上河宸章,,,,别墅,临平区,建面 136-138㎡,,,136.0,138.0
1059,杭房悦东方,总价169(万/套),12600.0, 元/㎡(均价),住宅,钱塘区,建面 85-138㎡,169.0,169.0,85.0,138.0
1060,杭房悦东方,总价520(万/套),25200.0, 元/㎡(均价),别墅,钱塘区,建面 211-260㎡,520.0,520.0,211.0,260.0
1061,湖境云庐,,,,别墅,余杭,建面 179-266㎡,,,179.0,266.0
1062,华侨城芳菲与城,总价500(万/套),35500.0, 元/㎡(均价),住宅,上城,,500.0,500.0,,
1063,御清城,总价173(万/套),21800.0, 元/㎡(均价),住宅,临平区,建面 89-139㎡,173.0,173.0,89.0,139.0
1064,御清城,总价345(万/套),24800.0, 元/㎡(均价),别墅,临平区,,345.0,345.0,,
1065,赞成旭辉时代悦章,,,,住宅,临平区,建面 92-117㎡,,,92.0,117.0
1066,赞成旭辉时代悦章,,,,别墅,临平区,建面 150-180㎡,,,150.0,180.0
1067,众安绿城南湖明月,,,,住宅,余杭,,,,,
1068,众安绿城南湖明月,总价580(万/套),48400.0, 元/㎡(均价),别墅,余杭,,580.0,580.0,,
1069,仁恒滨江园,总价1345(万/套),70800.0, 元/㎡(均价),住宅,上城,建面 170-250㎡,1345.0,1345.0,170.0,250.0
1070,仁恒祥生珊瑚世纪雅园,总价548(万/套),37846.0, 元/㎡(均价),住宅,西湖,建面 105-145㎡,548.0,548.0,105.0,145.0
1071,仁恒祥生珊瑚世纪雅园,总价895(万/套),55414.0, 元/㎡(均价),别墅,西湖,建面 166-186㎡,895.0,895.0,166.0,186.0
1072,运河ONE,,,,住宅,拱墅,建面 94-129㎡,,,94.0,129.0
1073,天阅运河源,,,,住宅,拱墅,建面 92-205㎡,,,92.0,205.0
1074,融创金成杭源里,总价720(万/套),48000.0, 元/㎡(均价),住宅,拱墅,建面 108-139㎡,720.0,720.0,108.0,139.0
1075,龙湖紫金上城,总价160(万/套),36000.0, 元/㎡(均价),商业类,西湖,建面 38-68㎡,160.0,160.0,38.0,68.0
1076,电建泷悦华府,总价385(万/套),30600.0, 元/㎡(均价),住宅,上城,建面 120-138㎡,385.0,385.0,120.0,138.0
1077,天阳融信东寰名邸,总价274(万/套),28000.0, 元/㎡(均价),住宅,上城,建面 98-129㎡,274.0,274.0,98.0,129.0
1078,德信大江壹号,175,, (万/套)(总价),住宅,钱塘区,建面 105-130㎡,175.0,175.0,105.0,130.0
1079,绿城晓风印月,总价640(万/套),48100.0, 元/㎡(均价),住宅,滨江,,640.0,640.0,,
1080,翡翠城梧桐郡,总价210(万/套),22596.0, 元/㎡(均价),住宅,余杭,建面 93-143㎡,210.0,210.0,93.0,143.0
1081,上塘九里,,,,住宅,余杭,建面 89-123㎡,,,89.0,123.0
1082,地铁万科天空之城,总价350(万/套),35664.0, 元/㎡(均价),住宅,余杭,建面 98-138㎡,350.0,350.0,98.0,138.0
1083,恒大御泉四季,总价124(万/套),10000.0, 元/㎡(均价),别墅,建德,建面 124-130㎡,124.0,124.0,124.0,130.0
1084,国宸府,总价251(万/套),25600.0, 元/㎡(均价),住宅,萧山,建面 99-143㎡,251.0,251.0,99.0,143.0
1085,国宸府,,,,别墅,萧山,建面 182-193㎡,,,182.0,193.0
1086,龙湖葛洲坝景粼天著,总价600(万/套),46500.0, 元/㎡(均价),住宅,上城,建面 124-139㎡,600.0,600.0,124.0,139.0
1087,中铁诺德雅逸府,总价354(万/套),28800.0, 元/㎡(均价),住宅,萧山,建面 87-138㎡,354.0,354.0,87.0,138.0
1088,兴耀锦里,,,,底商,临平区,,,,,
1089,华鸿中南壹号院,总价176(万/套),18000.0, 元/㎡(均价),住宅,桐庐,建面 98-129㎡,176.0,176.0,98.0,129.0
1090,中建锦绣越府,总价322(万/套),25200.0, 元/㎡(均价),住宅,临平区,建面 100-155㎡,322.0,322.0,100.0,155.0
1091,中建锦绣越府,总价693(万/套),42000.0, 元/㎡(均价),别墅,临平区,建面 160-180㎡,693.0,693.0,160.0,180.0
1092,碧桂园十里春风,总价480(万/套),30000.0, 元/㎡(均价),别墅,桐庐,建面 160㎡,480.0,480.0,160.0,160.0
1093,碧桂园十里春风,总价208(万/套),19500.0, 元/㎡(均价),住宅,桐庐,建面 109-139㎡,208.0,208.0,109.0,139.0
1094,高科商业中心,总价55(万/套),15000.0, 元/㎡(均价),商业类,富阳,建面 36㎡,55.0,55.0,36.0,36.0
1095,融创望潮印一期（云潮府）,总价95(万/套),24500.0, 元/㎡(均价),商业类,萧山,建面 40-46㎡,95.0,95.0,40.0,46.0
1096,星光国际公馆,总价160(万/套),32000.0, 元/㎡(均价),商业类,滨江,建面 50㎡,160.0,160.0,50.0,50.0
1097,葛洲坝龙湖中杭府,,,,住宅,西湖,,,,,
1098,苕溪学府,总价93(万/套),21000.0, 元/㎡(均价),住宅,临安,建面 41-47㎡,93.0,93.0,41.0,47.0
1099,首创禧瑞江南,总价280(万/套),26600.0, 元/㎡(均价),住宅,临平区,建面 93-115㎡,280.0,280.0,93.0,115.0
1100,首创禧瑞江南,总价456(万/套),31900.0, 元/㎡(均价),别墅,临平区,建面 143-159㎡,456.0,456.0,143.0,159.0
1101,九龙仓天玺,总价757(万/套),54011.0, 元/㎡(均价),住宅,拱墅,建面 128-166㎡,757.0,757.0,128.0,166.0
1102,中冶锦绣华府,总价616(万/套),47973.0, 元/㎡(均价),住宅,拱墅,建面 129-169㎡,616.0,616.0,129.0,169.0
1103,招商闻博花城,总价405(万/套),38300.0, 元/㎡(均价),住宅,萧山,建面 108-150㎡,405.0,405.0,108.0,150.0
1104,招商闻博花城,总价624(万/套),45900.0, 元/㎡(均价),别墅,萧山,,624.0,624.0,,
1105,山水如画,总价216(万/套),23000.0, 元/㎡(均价),底商,富阳,,216.0,216.0,,
1106,富春一品,总价88(万/套),10000.0, 元/㎡(均价),住宅,建德,建面 88-135㎡,88.0,88.0,88.0,135.0
1107,坤生栖悦,总价86(万/套),29000.0, 元/㎡(均价),商业类,西湖,建面 27-48㎡,86.0,86.0,27.0,48.0
1108,信达东莱府,总价580(万/套),46500.0, 元/㎡(均价),住宅,上城,建面 89-132㎡,580.0,580.0,89.0,132.0
1109,九龙仓华发天荟,总价961(万/套),54264.0, 元/㎡(均价),住宅,拱墅,建面 119-199㎡,961.0,961.0,119.0,199.0
1110,城北万象城幸福里,总价236(万/套),26500.0, 元/㎡(均价),住宅,余杭,建面 88-131㎡,236.0,236.0,88.0,131.0
1111,东原德信九章赋,总价283(万/套),28193.0, 元/㎡(均价),住宅,萧山,建面 98-138㎡,283.0,283.0,98.0,138.0
1112,环翼城,总价160(万/套),41000.0, 元/㎡(均价),商业类,上城,建面 42-67㎡,160.0,160.0,42.0,67.0
1113,绿都东澜府,,,,住宅,临平区,建面 89-125㎡,,,89.0,125.0
1114,众安西溪未来里,,,,住宅,余杭,建面 83-126㎡,,,83.0,126.0
1115,承安HYGGE源翠府,,,,住宅,临平区,建面 89-115㎡,,,89.0,115.0
1116,状元府,,,,别墅,临安,建面 212-263㎡,,,212.0,263.0
1117,西房杭语宸鹭院,,,,住宅,临平区,建面 99-143㎡,,,99.0,143.0
1118,西房杭语宸鹭院,,,,别墅,临平区,建面 220-280㎡,,,220.0,280.0
1119,德信大江壹号,总价85(万/套),13500.0, 元/㎡(均价),商业类,钱塘区,建面 40-53㎡,85.0,85.0,40.0,53.0
1120,星创新里程中心,总价110(万/套),28000.0, 元/㎡(均价),商业类,余杭,建面 36-56㎡,110.0,110.0,36.0,56.0
1121,中海黄龙云起,,,,住宅,西湖,建面 139-169㎡,,,139.0,169.0
1122,绿城天语山居,总价167(万/套),15000.0, 元/㎡(均价),住宅,临安,建面 101-139㎡,167.0,167.0,101.0,139.0
1123,中梁御府,总价216(万/套),25000.0, 元/㎡(均价),住宅,余杭,建面 89-176㎡,216.0,216.0,89.0,176.0
1124,中梁御府,总价608(万/套),38000.0, 元/㎡(均价),别墅,余杭,建面 147-176㎡,608.0,608.0,147.0,176.0
1125,奥园华景川上锦宸府,总价560(万/套),35000.0, 元/㎡(均价),别墅,临平区,建面 123-166㎡,560.0,560.0,123.0,166.0
1126,星央悦府,总价197(万/套),17800.0, 元/㎡(均价),住宅,钱塘区,建面 111-129㎡,197.0,197.0,111.0,129.0
1127,融信大发弘阳沁澜,,,,住宅,余杭,建面 96-165㎡,,,96.0,165.0
1128,德信大家运河云庄,,,,住宅,余杭,建面 99-133㎡,,,99.0,133.0
1129,德信大家运河云庄,总价951(万/套),52000.0, 元/㎡(均价),别墅,余杭,建面 175㎡,951.0,951.0,175.0,175.0
1130,城南银泰城,总价130(万/套),13600.0, 元/㎡(均价),住宅,萧山,建面 96-139㎡,130.0,130.0,96.0,139.0
1131,佳兆业云峰,,,,住宅,余杭,建面 89-115㎡,,,89.0,115.0
1132,碧桂园泷悦,,,,住宅,淳安,建面 109-137㎡,,,109.0,137.0
1133,碧桂园泷悦,,,,别墅,淳安,建面 137㎡,,,137.0,137.0
1134,印象苕溪城,总价250(万/套),18900.0, 元/㎡(均价),住宅,临安,建面 89-140㎡,250.0,250.0,89.0,140.0
1135,杭州融创城,总价204(万/套),19000.0, 元/㎡(均价),住宅,钱塘区,建面 98-125㎡,204.0,204.0,98.0,125.0
1136,恒大国玺悦龙府,总价780(万/套),38500.0, 元/㎡(均价),住宅,萧山,建面 172-273㎡,780.0,780.0,172.0,273.0
1137,五幸银座,总价110(万/套),27500.0, 元/㎡(均价),商业类,西湖,建面 25-65㎡,110.0,110.0,25.0,65.0
1138,观棠明月,总价275(万/套),19700.0, 元/㎡(均价),住宅,临平区,建面 95-185㎡,275.0,275.0,95.0,185.0
1139,观棠明月,总价592(万/套),34400.0, 元/㎡(均价),别墅,临平区,建面 172-185㎡,592.0,592.0,172.0,185.0
1140,中南棠玥湾,总价508(万/套),43427.0, 元/㎡(均价),住宅,上城,建面 117-164㎡,508.0,508.0,117.0,164.0
1141,江畔铭座,总价80(万/套),20000.0, 元/㎡(均价),商业类,富阳,建面 40㎡,80.0,80.0,40.0,40.0
1142,首开天青里,总价525(万/套),35000.0, 元/㎡(均价),住宅,拱墅,建面 150㎡,525.0,525.0,150.0,150.0
1143,首开天青里,总价1555.2(万/套),64800.0, 元/㎡(均价),别墅,拱墅,,1555.0,1555.0,,
1144,金隅观澜商业中心,总价180(万/套),15000.0, 元/㎡(均价),商业类,钱塘区,建面 124㎡,180.0,180.0,124.0,124.0
1145,融创臻源锦宁里,363,, (万/套)(总价),住宅,萧山,建面 107-131㎡,363.0,363.0,107.0,131.0
1146,中交悦美庐,总价207(万/套),23600.0, 元/㎡(均价),住宅,临平区,建面 88-126㎡,207.0,207.0,88.0,126.0
1147,中交悦美庐,,,,别墅,临平区,建面 138-162㎡,,,138.0,162.0
1148,中量畅享幸福里,115,, (万/套)(总价),住宅,萧山,建面 92-127㎡,115.0,115.0,92.0,127.0
1149,奥园华景川上锦宸府,总价169(万/套),19000.0, 元/㎡(均价),住宅,临平区,建面 89-115㎡,169.0,169.0,89.0,115.0
1150,奥体朝龙汇,总价2000(万/套),43000.0, 元/㎡(均价),商业类,萧山,建面 460-520㎡,2000.0,2000.0,460.0,520.0
1151,山水如画,总价112(万/套),15700.0, 元/㎡(均价),住宅,富阳,,112.0,112.0,,
1152,融创臻源锦宁里,总价1167(万/套),58000.0, 元/㎡(均价),别墅,萧山,,1167.0,1167.0,,
1153,华夏之心,,,,商业,余杭,,,,,
1154,绿城春来晓园,总价944(万/套),50000.0, 元/㎡(均价),住宅,上城,建面 140-160㎡,944.0,944.0,140.0,160.0
1155,杭语蓝庭,,,,住宅,余杭,建面 95-135㎡,,,95.0,135.0
1156,阳光城西郊半岛,总价368(万/套),23600.0, 元/㎡(均价),别墅,富阳,建面 156㎡,368.0,368.0,156.0,156.0
1157,德信时光之宸,总价143(万/套),16800.0, 元/㎡(均价),住宅,萧山,建面 89-122㎡,143.0,143.0,89.0,122.0
1158,宝龙旭辉城,总价72(万/套),16000.0, 元/㎡(均价),商业类,临安,建面 42-95㎡,72.0,72.0,42.0,95.0
1159,蓝城芷园,总价493(万/套),34000.0, 元/㎡(均价),别墅,富阳,建面 145-210㎡,493.0,493.0,145.0,210.0
1160,滨江东原拥翠府,总价356(万/套),37500.0, 元/㎡(均价),住宅,萧山,建面 95-125㎡,356.0,356.0,95.0,125.0
1161,天润西麓府,总价138(万/套),15600.0, 元/㎡(均价),住宅,余杭,建面 89-125㎡,138.0,138.0,89.0,125.0
1162,天润西麓府,总价392(万/套),26000.0, 元/㎡(均价),别墅,余杭,建面 135-160㎡,392.0,392.0,135.0,160.0
1163,滨江御虹府,472,, (万/套)(总价),住宅,萧山,建面 103-139㎡,472.0,472.0,103.0,139.0
1164,中骏临栖云府,总价440(万/套),31000.0, 元/㎡(均价),别墅,临安,建面 140㎡,440.0,440.0,140.0,140.0
1165,地铁万科天空之城,总价776(万/套),46992.0, 元/㎡(均价),别墅,余杭,建面 163-201㎡,776.0,776.0,163.0,201.0
1166,越秀天萃名邸,,,,住宅,上城,建面 107-125㎡,,,107.0,125.0
1167,时代滨江丹枫四季,总价778(万/套),50204.0, 元/㎡(均价),住宅,滨江,建面 145-185㎡,778.0,778.0,145.0,185.0
1168,缦云府,总价358(万/套),23600.0, 元/㎡(均价),别墅,临安,建面 140-149㎡,358.0,358.0,140.0,149.0
1169,越秀前滩名邸,总价670(万/套),46600.0, 元/㎡(均价),住宅,上城,建面 116-148㎡,670.0,670.0,116.0,148.0
1170,花语天境府,总价551(万/套),46000.0, 元/㎡(均价),住宅,上城,建面 111-149㎡,551.0,551.0,111.0,149.0
1171,花语天境府,,60600.0, 元/㎡(均价),别墅,上城,建面 181-233㎡,,,181.0,233.0
1172,富阳悦享同心湾,总价195(万/套),22500.0, 元/㎡(均价),住宅,富阳,建面 89-130㎡,195.0,195.0,89.0,130.0
1173,滨江龙湖东潮府,总价850(万/套),46500.0, 元/㎡(均价),住宅,上城,建面 97-300㎡,850.0,850.0,97.0,300.0
1174,世茂璀璨澜庭,,,,住宅,余杭,,,,,
1175,越秀悦映城,总价165(万/套),18880.0, 元/㎡(均价),住宅,临安,建面 89-115㎡,165.0,165.0,89.0,115.0
1176,滨江龙湖东潮府,总价1260(万/套),63000.0, 元/㎡(均价),别墅,上城,建面 210-220㎡,1260.0,1260.0,210.0,220.0
1177,越秀悦映城,总价400(万/套),25929.0, 元/㎡(均价),别墅,临安,建面 155㎡,400.0,400.0,155.0,155.0
1178,融望之城,总价253(万/套),25600.0, 元/㎡(均价),住宅,萧山,建面 99-125㎡,253.0,253.0,99.0,125.0
1179,桂语听澜轩,总价391(万/套),37500.0, 元/㎡(均价),住宅,萧山,建面 103-139㎡,391.0,391.0,103.0,139.0
1180,东原德信九章赋,总价1047(万/套),55700.0, 元/㎡(均价),别墅,萧山,建面 188-253㎡,1047.0,1047.0,188.0,253.0
1181,远洋西溪公馆,,,,别墅,余杭,建面 283-342㎡,,,283.0,342.0
1182,中天雅境,总价165(万/套),18300.0, 元/㎡(均价),住宅,临安,建面 89㎡,165.0,165.0,89.0,89.0
1183,古翠蓝庭,总价703(万/套),56000.0, 元/㎡(均价),住宅,西湖,建面 116-178㎡,703.0,703.0,116.0,178.0
1184,世茂钱塘天誉,总价987(万/套),61700.0, 元/㎡(均价),别墅,上城,建面 160-185㎡,987.0,987.0,160.0,185.0
1185,荣盛檀越府,总价231(万/套),22000.0, 元/㎡(均价),住宅,临安,建面 98-116㎡,231.0,231.0,98.0,116.0
1186,悦融湾,总价121(万/套),13667.0, 元/㎡(均价),住宅,萧山,建面 89-125㎡,121.0,121.0,89.0,125.0
1187,绿城天语山居,总价551(万/套),16450.0, 元/㎡(均价),别墅,临安,,551.0,551.0,,
1188,拥涛府,总价360(万/套),37500.0, 元/㎡(均价),住宅,萧山,建面 96-138㎡,360.0,360.0,96.0,138.0
1189,万固珺府,总价160(万/套),18000.0, 元/㎡(均价),住宅,钱塘区,建面 89-137㎡,160.0,160.0,89.0,137.0
1190,荣安招商祥宸府,总价351(万/套),36000.0, 元/㎡(均价),住宅,拱墅,建面 90-169㎡,351.0,351.0,90.0,169.0
1191,荣安招商祥宸府,,40000.0, 元/㎡(均价),别墅,拱墅,,,,,
1192,绿城春风金沙,总价397(万/套),37500.0, 元/㎡(均价),住宅,钱塘区,建面 106-165㎡,397.0,397.0,106.0,165.0
1193,中旅归锦府,总价415(万/套),46500.0, 元/㎡(均价),住宅,上城,建面 69-139㎡,415.0,415.0,69.0,139.0
1194,滨江新希望悦潮府,总价324(万/套),33500.0, 元/㎡(均价),住宅,萧山,建面 97-119㎡,324.0,324.0,97.0,119.0
1195,滨江御滨府,总价496(万/套),49657.0, 元/㎡(均价),住宅,滨江,建面 101-139㎡,496.0,496.0,101.0,139.0
1196,阳光城保亿翡丽云邸,总价270(万/套),27800.0, 元/㎡(均价),住宅,临平区,建面 89-121㎡,270.0,270.0,89.0,121.0
1197,阳光城保亿翡丽云邸,总价443(万/套),31900.0, 元/㎡(均价),别墅,临平区,建面 139㎡,443.0,443.0,139.0,139.0
1198,金辉紫雅云邸,,,,住宅,西湖,建面 147㎡,,,147.0,147.0
1199,新希望华发锦粼云荟,总价310(万/套),32500.0, 元/㎡(均价),住宅,萧山,建面 97-125㎡,310.0,310.0,97.0,125.0
1200,华景川云流名邸,总价136(万/套),11020.0, 元/㎡(均价),住宅,萧山,建面 95-130㎡,136.0,136.0,95.0,130.0
1201,新希望美的长粼府,总价306(万/套),32200.0, 元/㎡(均价),住宅,临平区,建面 85-122㎡,306.0,306.0,85.0,122.0
1202,世茂国风大境,,,,住宅,临安,,,,,
1203,宝龙融信新世邸,总价150(万/套),17000.0, 元/㎡(均价),住宅,临安,建面 89-120㎡,150.0,150.0,89.0,120.0
1204,春月锦庐,总价860(万/套),56900.0, 元/㎡(均价),住宅,拱墅,建面 110-150㎡,860.0,860.0,110.0,150.0
1205,德信阅杭,总价201(万/套),20500.0, 元/㎡(均价),住宅,钱塘区,建面 95-115㎡,201.0,201.0,95.0,115.0
1206,东原德信印奥湾,总价280(万/套),27800.0, 元/㎡(均价),住宅,萧山,建面 99㎡,280.0,280.0,99.0,99.0
1207,滨江君品名邸,总价484(万/套),47000.0, 元/㎡(均价),住宅,萧山,建面 103-172㎡,484.0,484.0,103.0,172.0
1208,建发金辉紫璋台,,,,住宅,西湖,,,,,
1209,宋都济宸府,总价163(万/套),16300.0, 元/㎡(均价),住宅,富阳,建面 100-105㎡,163.0,163.0,100.0,105.0
1210,良语久园,总价230(万/套),24000.0, 元/㎡(均价),住宅,余杭,,230.0,230.0,,
1211,良语久园,总价397(万/套),27600.0, 元/㎡(均价),别墅,余杭,建面 155㎡,397.0,397.0,155.0,155.0
1212,中天云望,总价513(万/套),40100.0, 元/㎡(均价),住宅,萧山,建面 100-130㎡,513.0,513.0,100.0,130.0
1213,凤玺云著府,,,,住宅,余杭,建面 95-129㎡,,,95.0,129.0
1214,滨耀城,总价266(万/套),27700.0, 元/㎡(均价),住宅,临平区,建面 96-149㎡,266.0,266.0,96.0,149.0
1215,融创城,总价483(万/套),29300.0, 元/㎡(均价),别墅,钱塘区,建面 165-220㎡,483.0,483.0,165.0,220.0
1216,悦风华,总价451(万/套),46500.0, 元/㎡(均价),住宅,上城,建面 97-125㎡,451.0,451.0,97.0,125.0
1217,金地大运桥西府,总价424(万/套),43179.0, 元/㎡(均价),住宅,拱墅,建面 99-139㎡,424.0,424.0,99.0,139.0
1218,联发溪语宸庐,总价364(万/套),30489.0, 元/㎡(均价),住宅,拱墅,建面 115-139㎡,364.0,364.0,115.0,139.0
1219,中南春溪集,总价270(万/套),33000.0, 元/㎡(均价),住宅,上城,建面 89-118㎡,270.0,270.0,89.0,118.0
1220,禹洲宋都望林府,总价650(万/套),44900.0, 元/㎡(均价),住宅,拱墅,建面 50-188㎡,650.0,650.0,50.0,188.0
1221,融创滨江御潮府,总价858(万/套),69800.0, 元/㎡(均价),住宅,上城,建面 123-190㎡,858.0,858.0,123.0,190.0
1222,香栖天第,总价445(万/套),45000.0, 元/㎡(均价),住宅,拱墅,建面 98-128㎡,445.0,445.0,98.0,128.0
1223,中海望庐,总价694(万/套),56900.0, 元/㎡(均价),住宅,拱墅,建面 115-139㎡,694.0,694.0,115.0,139.0
1224,径山园,总价676(万/套),23000.0, 元/㎡(均价),别墅,余杭,,676.0,676.0,,
1225,光合映,,,,住宅,临平区,建面 98-125㎡,,,98.0,125.0
1226,北樾府,总价180(万/套),25000.0, 元/㎡(均价),住宅,临安,建面 68-73㎡,180.0,180.0,68.0,73.0
1227,杭辰星万里,总价188(万/套),19800.0, 元/㎡(均价),住宅,临平区,建面 95㎡,188.0,188.0,95.0,95.0
1228,龙湖融信天琅府,总价294(万/套),30000.0, 元/㎡(均价),住宅,萧山,建面 98-125㎡,294.0,294.0,98.0,125.0
1229,阳光城兴耀花漾里,总价156(万/套),19000.0, 元/㎡(均价),住宅,钱塘区,建面 96-116㎡,156.0,156.0,96.0,116.0
1230,保亿阳光城丽光城,总价220(万/套),23000.0, 元/㎡(均价),住宅,临安,建面 89-108㎡,220.0,220.0,89.0,108.0
1231,中天溪风雅韵,总价103(万/套),10334.0, 元/㎡(均价),住宅,临安,建面 120㎡,103.0,103.0,120.0,120.0
1232,中天溪风雅韵,总价389(万/套),15400.0, 元/㎡(均价),别墅,临安,,389.0,389.0,,
1233,北上星云府,,,,住宅,余杭,建面 95-115㎡,,,95.0,115.0
1234,普大福地,总价140(万/套),32000.0, 元/㎡(均价),商业类,上城,建面 45-60㎡,140.0,140.0,45.0,60.0
1235,时代天境,总价245(万/套),22000.0, 元/㎡(均价),住宅,余杭,建面 98-128㎡,245.0,245.0,98.0,128.0
1236,湖光山社,总价216(万/套),22300.0, 元/㎡(均价),住宅,临安,建面 97-120㎡,216.0,216.0,97.0,120.0
1237,融信展望,总价387(万/套),37500.0, 元/㎡(均价),住宅,萧山,建面 105-139㎡,387.0,387.0,105.0,139.0
1238,未来七彩小镇,总价150(万/套),20000.0, 元/㎡(均价),商业类,余杭,建面 59㎡,150.0,150.0,59.0,59.0
1239,融创滨江御潮府,总价2765(万/套),95700.0, 元/㎡(均价),别墅,上城,,2765.0,2765.0,,
1240,保利潮起云上府,总价304(万/套),37500.0, 元/㎡(均价),住宅,萧山,建面 97-121㎡,304.0,304.0,97.0,121.0
1241,中天汀洲印月,总价206(万/套),20800.0, 元/㎡(均价),住宅,临平区,建面 99-127㎡,206.0,206.0,99.0,127.0
1242,佳兆业德信云望璞园,总价184(万/套),19500.0, 元/㎡(均价),住宅,富阳,建面 95-123㎡,184.0,184.0,95.0,123.0
1243,中景华庭,总价226(万/套),28700.0, 元/㎡(均价),住宅,临平区,建面 79㎡,226.0,226.0,79.0,79.0
1244,融信荣望,总价281(万/套),28500.0, 元/㎡(均价),住宅,萧山,建面 98-129㎡,281.0,281.0,98.0,129.0
1245,龙湖湘湖原著,总价855(万/套),50600.0, 元/㎡(均价),别墅,萧山,建面 169-185㎡,855.0,855.0,169.0,185.0
1246,九城渔人码头,总价120(万/套),15100.0, 元/㎡(均价),住宅,钱塘区,建面 83-120㎡,120.0,120.0,83.0,120.0
1247,伟业熙境府,总价176(万/套),19800.0, 元/㎡(均价),住宅,临平区,建面 89-120㎡,176.0,176.0,89.0,120.0
1248,观澜府,,21000.0, 元/㎡(均价),住宅,桐庐,建面 77-134㎡,,,77.0,134.0
1249,春和云境,总价313(万/套),33000.0, 元/㎡(均价),住宅,拱墅,建面 95-140㎡,313.0,313.0,95.0,140.0
1250,岸上蓝山公寓,总价744(万/套),53200.0, 元/㎡(均价),别墅,余杭,建面 137-189㎡,744.0,744.0,137.0,189.0
1251,卓越明熙府,总价191(万/套),28000.0, 元/㎡(均价),住宅,上城,建面 89-140㎡,191.0,191.0,89.0,140.0
1252,坤和融创开元望金沙,总价378(万/套),37500.0, 元/㎡(均价),住宅,钱塘区,建面 101-139㎡,378.0,378.0,101.0,139.0
1253,万科前宸,总价311(万/套),30540.0, 元/㎡(均价),住宅,余杭,建面 99-139㎡,311.0,311.0,99.0,139.0
1254,上塘源著,总价300(万/套),21000.0, 元/㎡(均价),住宅,临平区,建面 89-140㎡,300.0,300.0,89.0,140.0
1255,滨江嘉品,总价564(万/套),47000.0, 元/㎡(均价),住宅,萧山,建面 120-182㎡,564.0,564.0,120.0,182.0
1256,联发北秀观云,总价326(万/套),34000.0, 元/㎡(均价),住宅,拱墅,建面 96-130㎡,326.0,326.0,96.0,130.0
1257,香港置地上河公元,总价356(万/套),37040.0, 元/㎡(均价),住宅,拱墅,建面 93-139㎡,356.0,356.0,93.0,139.0
1258,未来旭辉城,总价205(万/套),23047.0, 元/㎡(均价),住宅,临安,建面 89-96㎡,205.0,205.0,89.0,96.0
1259,滨江春语蓝庭,总价294(万/套),33000.0, 元/㎡(均价),住宅,拱墅,建面 98-119㎡,294.0,294.0,98.0,119.0
1260,合景泰富揽月臻翠府,,40800.0, 元/㎡(均价),住宅,上城,建面 105-139㎡,,,105.0,139.0
1261,众安顺源府,总价246(万/套),20500.0, 元/㎡(均价),住宅,富阳,建面 89-120㎡,246.0,246.0,89.0,120.0
1262,曲江新鸥鹏杭州第三城（久境府）,总价235(万/套),20800.0, 元/㎡(均价),住宅,临平区,建面 89-138㎡,235.0,235.0,89.0,138.0
1263,长麓府,总价142(万/套),18550.0, 元/㎡(均价),住宅,临安,建面 77-99㎡,142.0,142.0,77.0,99.0
1264,兴耀星漫里,总价368(万/套),37500.0, 元/㎡(均价),住宅,萧山,建面 96-118㎡,368.0,368.0,96.0,118.0
1265,路劲银城澜仕里,总价287(万/套),23000.0, 元/㎡(均价),住宅,临平区,建面 89-139㎡,287.0,287.0,89.0,139.0
1266,新希望锦畔云汀,总价203(万/套),20800.0, 元/㎡(均价),住宅,临平区,建面 98-120㎡,203.0,203.0,98.0,120.0
1267,森临澜府,总价360(万/套),40500.0, 元/㎡(均价),住宅,上城,建面 89-140㎡,360.0,360.0,89.0,140.0
1268,花样年对越天,总价377(万/套),42400.0, 元/㎡(均价),住宅,上城,建面 89-115㎡,377.0,377.0,89.0,115.0
1269,融信远洋厘望轩,总价650(万/套),45000.0, 元/㎡(均价),商业类,拱墅,建面 140-160㎡,650.0,650.0,140.0,160.0
1270,融创望潮印二期（湖悦江南院）,总价110(万/套),28500.0, 元/㎡(均价),商业类,萧山,建面 39-44㎡,110.0,110.0,39.0,44.0
1271,星合映,总价204(万/套),23000.0, 元/㎡(均价),住宅,临平区,建面 89-125㎡,204.0,204.0,89.0,125.0
1272,景瑞路劲海逸翠廷,总价205(万/套),23000.0, 元/㎡(均价),住宅,临平区,建面 89-125㎡,205.0,205.0,89.0,125.0
1273,绿城桂语映月,总价159(万/套),20563.0, 元/㎡(均价),住宅,富阳,建面 89-120㎡,159.0,159.0,89.0,120.0
1274,春来枫华,总价460(万/套),47000.0, 元/㎡(均价),住宅,拱墅,建面 98-139㎡,460.0,460.0,98.0,139.0
1275,中梁沐宸院,总价338(万/套),34500.0, 元/㎡(均价),住宅,余杭,建面 98-139㎡,338.0,338.0,98.0,139.0
1276,三迪枫丹雅居,总价137(万/套),14600.0, 元/㎡(均价),住宅,钱塘区,建面 95-114㎡,137.0,137.0,95.0,114.0
1277,大华潮悦前城,总价168(万/套),18000.0, 元/㎡(均价),住宅,钱塘区,建面 89-117㎡,168.0,168.0,89.0,117.0
1278,蜀惠朝闻花城,总价263(万/套),29800.0, 元/㎡(均价),住宅,萧山,建面 89-118㎡,263.0,263.0,89.0,118.0
1279,金科博翠碧蓝湾,总价846(万/套),47300.0, 元/㎡(均价),别墅,上城,建面 179㎡,846.0,846.0,179.0,179.0
1280,绿地香港宸瀚里,总价204(万/套),23000.0, 元/㎡(均价),住宅,临平区,建面 89-124㎡,204.0,204.0,89.0,124.0
1281,杭语清澄,总价228(万/套),23000.0, 元/㎡(均价),住宅,临平区,建面 99-119㎡,228.0,228.0,99.0,119.0
1282,合景泰富寰汇,,,,商业,临平区,,,,,
1283,东湖尚府,总价225(万/套),25000.0, 元/㎡(均价),住宅,临平区,建面 184㎡,225.0,225.0,184.0,184.0
1284,南樾府,总价121(万/套),17900.0, 元/㎡(均价),住宅,临安,建面 68-73㎡,121.0,121.0,68.0,73.0
1285,滨江翠语华庭,总价397(万/套),37500.0, 元/㎡(均价),住宅,萧山,建面 106-125㎡,397.0,397.0,106.0,125.0
1286,德信中心,总价480(万/套),46500.0, 元/㎡(均价),住宅,上城,建面 110-150㎡,480.0,480.0,110.0,150.0
1287,观湖之宸公寓,总价288(万/套),30000.0, 元/㎡(均价),住宅,临平区,建面 89-118㎡,288.0,288.0,89.0,118.0
1288,滨江绿城江河鸣翠,,,,住宅,上城,,,,,
1289,金地滨与城,总价118(万/套),16100.0, 元/㎡(均价),住宅,萧山,建面 89-95㎡,118.0,118.0,89.0,95.0
1290,荣安春月杭宁府,,45000.0, 元/㎡(均价),住宅,拱墅,建面 97-122㎡,,,97.0,122.0
1291,滨江沁语晓庭,总价334(万/套),34000.0, 元/㎡(均价),住宅,拱墅,建面 98-113㎡,334.0,334.0,98.0,113.0
1292,大家湛景天承美筑,总价350(万/套),36000.0, 元/㎡(均价),住宅,拱墅,建面 98-128㎡,350.0,350.0,98.0,128.0
1293,大家坤和·美筑,总价321(万/套),33500.0, 元/㎡(均价),住宅,萧山,建面 96-129㎡,321.0,321.0,96.0,129.0
1294,绿城茗春苑,总价1300(万/套),37478.0, 元/㎡(均价),住宅,西湖,建面 115-170㎡,1300.0,1300.0,115.0,170.0
1295,百郦玲珑府,,49000.0, 元/㎡(均价),别墅,上城,建面 95-180㎡,,,95.0,180.0
1296,新湖香格里拉,总价214(万/套),22988.0, 元/㎡(均价),住宅,余杭,建面 93-100㎡,214.0,214.0,93.0,100.0
1297,三盛大家汝悦美境府,总价334(万/套),33500.0, 元/㎡(均价),住宅,萧山,建面 98-108㎡,334.0,334.0,98.0,108.0
1298,荣安春熙上和湾,总价460-790(万/套),47000.0, 元/㎡(均价),住宅,拱墅,建面 95-168㎡,460.0,790.0,95.0,168.0
1299,顺发·美颂城,总价328(万/套),33500.0, 元/㎡(均价),住宅,萧山,建面 98-119㎡,328.0,328.0,98.0,119.0
1300,融信天阳云澜天第府,总价402(万/套),38000.0, 元/㎡(均价),住宅,拱墅,建面 106-136㎡,402.0,402.0,106.0,136.0
1301,云帆未来社区,总价189(万/套),19300.0, 元/㎡(均价),住宅,钱塘区,建面 98-132㎡,189.0,189.0,98.0,132.0
1302,远洋建华宸章新邸,总价451(万/套),40000.0, 元/㎡(均价),住宅,拱墅,建面 113-115㎡,451.0,451.0,113.0,115.0
1303,融创望潮印一期（云潮府）,总价180(万/套),50000.0, 元/㎡(均价),底商,萧山,,180.0,180.0,,
1304,大华春山明月,,26000.0, 元/㎡(均价),住宅,临安,建面 101-183㎡,,,101.0,183.0
1305,中旅时光里,总价267(万/套),30000.0, 元/㎡(均价),住宅,临平区,建面 89-129㎡,267.0,267.0,89.0,129.0
1306,源著天樾府,总价267(万/套),30000.0, 元/㎡(均价),住宅,临平区,建面 89-119㎡,267.0,267.0,89.0,119.0
1307,上坤华景川云栖宸园,总价196(万/套),22000.0, 元/㎡(均价),住宅,临平区,建面 89-107㎡,196.0,196.0,89.0,107.0
1308,桃李湖滨,总价315(万/套),27452.0, 元/㎡(均价),住宅,临安,建面 88-139㎡,315.0,315.0,88.0,139.0
1309,桃李湖滨,总价560(万/套),33247.0, 元/㎡(均价),别墅,临安,建面 127-187㎡,560.0,560.0,127.0,187.0
1310,滨江博语华庭,总价336(万/套),34000.0, 元/㎡(均价),住宅,萧山,建面 99-137㎡,336.0,336.0,99.0,137.0
1311,滨江星翠澜庭,总价550(万/套),45000.0, 元/㎡(均价),住宅,萧山,建面 108-139㎡,550.0,550.0,108.0,139.0
1312,建发书香印翠,总价772(万/套),58000.0, 元/㎡(均价),住宅,西湖,建面 102-164㎡,772.0,772.0,102.0,164.0
1313,星创晶悦府,总价377(万/套),36000.0, 元/㎡(均价),住宅,拱墅,建面 105-138㎡,377.0,377.0,105.0,138.0
1314,绿城交投晓月澄庐,总价1043(万/套),52150.0, 元/㎡(均价),别墅,余杭,建面 192-253㎡,1043.0,1043.0,192.0,253.0
1315,合景泰富寰汇（石门街6号）,总价85(万/套),20000.0, 元/㎡(均价),写字楼,临平区,,85.0,85.0,,
1316,滨融府,,54000.0, 元/㎡(均价),住宅,拱墅,建面 139-168㎡,,,139.0,168.0
1317,德信中南江上云起,总价124(万/套),14000.0, 元/㎡(均价),住宅,建德,建面 89-125㎡,124.0,124.0,89.0,125.0
1318,招商博奥花宸里,总价325(万/套),32500.0, 元/㎡(均价),住宅,萧山,建面 100-130㎡,325.0,325.0,100.0,130.0
1319,景瑞晴海,总价328(万/套),33500.0, 元/㎡(均价),住宅,萧山,建面 98㎡,328.0,328.0,98.0,98.0
1320,佳源驭远•玖墅,总价255(万/套),17800.0, 元/㎡(均价),住宅,钱塘区,建面 142㎡,255.0,255.0,142.0,142.0
1321,溪上俪庭,总价190(万/套),20000.0, 元/㎡(均价),住宅,余杭,建面 95㎡,190.0,190.0,95.0,95.0
1322,龙湖湘湖原著,总价260(万/套),28300.0, 元/㎡(均价),住宅,萧山,建面 89-146㎡,260.0,260.0,89.0,146.0
1323,滨江观品,总价798(万/套),47208.0, 元/㎡(均价),住宅,萧山,建面 169-233㎡,798.0,798.0,169.0,233.0
1324,严州誉境府,,23000.0, 元/㎡(均价),住宅,建德,建面 99㎡,,,99.0,99.0
1325,华润置地亚奥城,总价580(万/套),47000.0, 元/㎡(均价),住宅,萧山,建面 123-182㎡,580.0,580.0,123.0,182.0
1326,新安郡,总价146(万/套),19000.0, 元/㎡(均价),住宅,建德,建面 89-120㎡,146.0,146.0,89.0,120.0
1327,万科日耀之城,,47000.0, 元/㎡(均价),住宅,萧山,建面 105-144㎡,,,105.0,144.0
1328,合能杭玥府,总价250(万/套),34000.0, 元/㎡(均价),住宅,拱墅,建面 89-120㎡,250.0,250.0,89.0,120.0
1329,滨江兴耀滨耀学府,总价370(万/套),38000.0, 元/㎡(均价),住宅,滨江,建面 97-118㎡,370.0,370.0,97.0,118.0
1330,融信美好宝龙锦云澜天里,总价60(万/套),40000.0, 元/㎡(均价),底商,临安,,60.0,60.0,,
1331,保利和者时光印象府,,25000.0, 元/㎡(均价),住宅,萧山,建面 85-105㎡,,,85.0,105.0
1332,华鸿东潮云庭,总价180(万/套),19800.0, 元/㎡(均价),住宅,钱塘区,建面 89-119㎡,180.0,180.0,89.0,119.0
1333,环翼城,总价520(万/套),70000.0, 元/㎡(均价),底商,上城,,520.0,520.0,,
1334,星创晶晖里,总价371(万/套),36000.0, 元/㎡(均价),住宅,拱墅,建面 103-139㎡,371.0,371.0,103.0,139.0
1335,中海望庐|云起武林,总价1400(万/套),45000.0, 元/㎡(均价),商业类,拱墅,建面 310㎡,1400.0,1400.0,310.0,310.0
1336,金成潮塘轩,总价214(万/套),19800.0, 元/㎡(均价),住宅,钱塘区,建面 98-118㎡,214.0,214.0,98.0,118.0
1337,绿城桂冠东方,总价530(万/套),47000.0, 元/㎡(均价),住宅,萧山,建面 196-217㎡,530.0,530.0,196.0,217.0
1338,建发银泰天悦,总价250(万/套),21000.0, 元/㎡(均价),住宅,桐庐,建面 98-139㎡,250.0,250.0,98.0,139.0
1339,高运尚悦府,总价92(万/套),10000.0, 元/㎡(均价),住宅,萧山,,92.0,92.0,,
1340,滨汇之都,总价530(万/套),51500.0, 元/㎡(均价),住宅,滨江,建面 98-129㎡,530.0,530.0,98.0,129.0
1341,金成汀云上府,总价357(万/套),36100.0, 元/㎡(均价),住宅,余杭,建面 98-130㎡,357.0,357.0,98.0,130.0
1342,花曜里,总价364(万/套),37500.0, 元/㎡(均价),住宅,萧山,建面 97-120㎡,364.0,364.0,97.0,120.0
1343,滨江滨涛映月,,37500.0, 元/㎡(均价),住宅,萧山,建面 107-137㎡,,,107.0,137.0
1344,中海黄龙云起|三里庐,总价1800(万/套),58000.0, 元/㎡(均价),商业,西湖,建面 312㎡,1800.0,1800.0,312.0,312.0
1345,众安蒲荷芸邸,总价467(万/套),37710.0, 元/㎡(均价),住宅,余杭,建面 124-146㎡,467.0,467.0,124.0,146.0
1346,德信银城阅湖之宸,总价267(万/套),30000.0, 元/㎡(均价),住宅,上城,建面 89-118㎡,267.0,267.0,89.0,118.0
1347,春来雅庭,总价324(万/套),40800.0, 元/㎡(均价),住宅,上城,建面 99-139㎡,324.0,324.0,99.0,139.0
1348,招商蛇口花屿观澜里,总价390(万/套),37500.0, 元/㎡(均价),住宅,萧山,建面 103-138㎡,390.0,390.0,103.0,138.0
1349,绿城云栖燕庐,总价200(万/套),19420.0, 元/㎡(均价),住宅,临平区,建面 105-127㎡,200.0,200.0,105.0,127.0
1350,绿城云栖燕庐,总价330(万/套),19420.0, 元/㎡(均价),别墅,临平区,建面 166-177㎡,330.0,330.0,166.0,177.0
1351,电建悦安府,总价350(万/套),31500.0, 元/㎡(均价),住宅,上城,建面 110㎡,350.0,350.0,110.0,110.0
1352,电建悦安府,总价600(万/套),37800.0, 元/㎡(均价),别墅,上城,建面 128-160㎡,600.0,600.0,128.0,160.0
1353,绿城沐春明月,总价400(万/套),31500.0, 元/㎡(均价),住宅,上城,建面 109-145㎡,400.0,400.0,109.0,145.0
1354,宋都如意云境,总价250(万/套),23000.0, 元/㎡(均价),住宅,临平区,建面 89-125㎡,250.0,250.0,89.0,125.0
1355,绿城湖上春风里,总价400(万/套),37500.0, 元/㎡(均价),住宅,钱塘区,建面 105-126㎡,400.0,400.0,105.0,126.0
1356,复地绿城月映咏荷园,总价218(万/套),22000.0, 元/㎡(均价),住宅,临平区,建面 99-139㎡,218.0,218.0,99.0,139.0
1357,绿城潮听明月,总价560(万/套),42400.0, 元/㎡(均价),住宅,上城,建面 106-145㎡,560.0,560.0,106.0,145.0
1358,前湾畅想江澜湾,总价300(万/套),32300.0, 元/㎡(均价),住宅,萧山,建面 107-217㎡,300.0,300.0,107.0,217.0
1359,萧元江南沥城,总价178-221(万/套),17000.0, 元/㎡(均价),住宅,萧山,建面 105-130㎡,178.0,221.0,105.0,130.0
1360,枫漫小筑,总价210(万/套),19800.0, 元/㎡(均价),住宅,钱塘区,建面 105-127㎡,210.0,210.0,105.0,127.0
1361,曲江新鸥鹏杭州第三城（久雍府）,总价260(万/套),22000.0, 元/㎡(均价),住宅,临平区,建面 99-138㎡,260.0,260.0,99.0,138.0
1362,葛洲坝龙湖中杭府,,,,别墅,西湖,,,,,
1363,滨江望品,总价700(万/套),50179.0, 元/㎡(均价),住宅,拱墅,建面 124-156㎡,700.0,700.0,124.0,156.0
1364,憬天国际名座,总价76(万/套),16850.0, 元/㎡(均价),商业类,萧山,建面 46㎡,76.0,76.0,46.0,46.0
1365,阳光城檀悦,,,,底商,萧山,,,,,
1366,九龙仓君廷,318,, (万/套)(总价),别墅,临平区,建面 139-175㎡,318.0,318.0,139.0,175.0
1367,柏润国际花园,,,,住宅,淳安,建面 97-169㎡,,,97.0,169.0
1368,东方御府,,,,住宅,上城,,,,,
1369,宝嘉誉峰,,,,住宅,拱墅,,,,,
1370,绿都御景蓝湾,,,,住宅,萧山,,,,,
1371,锦润公寓,,,,住宅,上城,建面 89-128㎡,,,89.0,128.0
1372,滨江西溪之星,,,,住宅,余杭,,,,,
1373,中南白马湖壹号,,,,住宅,滨江,,,,,
1374,九龙仓君玺,,,,住宅,拱墅,建面 136-380㎡,,,136.0,380.0
1375,复地黄龙和山,,,,商业类,西湖,,,,,
1376,钱江御府,,,,住宅,上城,,,,,
1377,景瑞申花郡,255,, (万/套)(总价),住宅,拱墅,,255.0,255.0,,
1378,新湖武林国际公寓,,,,住宅,拱墅,,,,,
1379,融创大家侯潮府,,,,住宅,上城,建面 213㎡,,,213.0,213.0
1380,融创河滨之城雨澜轩,,,,住宅,西湖,,,,,
1381,富力西溪悦居,,,,住宅,余杭,,,,,
1382,金地艺境,,,,住宅,临平区,,,,,
1383,合景天峻,,,,住宅,余杭,,,,,
1384,三盛颐景御园,,,,别墅,余杭,,,,,
1385,协安紫郡,,,,住宅,西湖,,,,,
1386,融信杭州公馆,,,,住宅,西湖,建面 139-274㎡,,,139.0,274.0
1387,万科未来城二期,,,,住宅,余杭,建面 86-130㎡,,,86.0,130.0
1388,中旅城仕公馆,,,,住宅,上城,,,,,
1389,西溪永乐城,,,,住宅,余杭,,,,,
1390,万科大都会79号,,,,住宅,上城,,,,,
1391,越秀星汇尚城,,,,住宅,余杭,,,,,
1392,奥克斯缔逸城,,,,住宅,余杭,,,,,
1393,赞成龙兴道一号,,,,住宅,临平区,,,,,
1394,中旅紫金名门,,,,住宅,西湖,,,,,
1395,钱塘大观,,28000.0, 元/㎡(均价),住宅,滨江,,,,,
1396,昆仑华府,,,,住宅,余杭,建面 89-106㎡,,,89.0,106.0
1397,理想康城一品,,,,住宅,临平区,,,,,
1398,和昌云潮,,,,底商,西湖,,,,,
1399,万科缦云坊,,,,别墅,余杭,,,,,
1400,宝嘉誉府,,,,住宅,西湖,,,,,
1401,绿城莲园,,,,住宅,临平区,,,,,
1402,和昌云潮,,,,商业类,西湖,建面 42-64㎡,,,42.0,64.0
1403,大江东宝龙广场,,16200.0, 元/㎡(均价),住宅,钱塘区,建面 127-210㎡,,,127.0,210.0
1404,武林外滩,,,,住宅,拱墅,建面 348㎡,,,348.0,348.0
1405,大美公寓,,,,住宅,临平区,,,,,
1406,富力十号一期,,,,住宅,余杭,,,,,
1407,中海御道,,,,住宅,上城,,,,,
1408,耀达金鼎华庭,,,,住宅,余杭,,,,,
1409,中梁百悦城,,,,住宅,临平区,,,,,
1410,合景叠彩园,,,,别墅,余杭,,,,,
1411,广大融城印象,,,,住宅,上城,,,,,
1412,滨江西溪明珠,,,,别墅,西湖,,,,,
1413,宋都晨光国际,,,,住宅,钱塘区,,,,,
1414,凯德湖墅,,,,住宅,拱墅,,,,,
1415,融创金成英特学府,,,,住宅,余杭,,,,,
1416,绿地旭辉城,,,,住宅,滨江,,,,,
1417,万泰城章,,,,住宅,临平区,,,,,
1418,融创富春壹号院,,,,住宅,富阳,,,,,
1419,赞成乐山红叶,,,,住宅,余杭,,,,,
1420,蓝色嘉园,,,,住宅,萧山,,,,,
1421,赞成乐山红叶,1080,, (万/套)(总价),别墅,余杭,建面 240㎡,1080.0,1080.0,240.0,240.0
1422,东渡酩悦,总价200(万/套),40000.0, 元/㎡(均价),商业类,上城,建面 51㎡,200.0,200.0,51.0,51.0
1423,世茂智慧之门,,,,商业类,滨江,,,,,
